PAR Number,DateCreated,Public Authority Name,Public Authority Division,Public Contact Email Address,Procurement Title,Category,Contract Status,Market Approach Type,Market Approach Method,Probability of this going ahead,Estimated Tender Date,Procurement Stage
PAR27970,27-May-2026,Health and Wellbeing,Digital Health SA,jay.pan@sa.gov.au,Integrated Statewide Mental Health and Drug and Alcohol Services Record,ICT Software and Technology,New requirement,Open,SA Tenders and Contracts,Probable,27-Aug-26,Initiating
PAR27967,27-May-2026,SA Water,,Divya.Sharma@sawater.com.au,Lake Victoria Outlet Regulator Planning Approvals RFQ.,Industrial and Engineering,New Requirement,Limited,Email,Possible,04-Jun-26,Initiating
PAR27966,27-May-2026,SA Water,,rosaland.wischi@sawater.com.au,Port MacDonnell Bore 3- Civil Works,Industrial and Engineering,Secondary Procurement Process,Limited,Email,Possible,01-Jun-26,Initiating
PAR27962,26-May-2026,Housing Trust,Housing Delivery,housingprocurement@sa.gov.au,"Construction of 300 dwellings in Metro & Regional, South Australia",Construction,New requirement,Limited,SA Tenders and Contracts,Certain,02-Jul-26,Acquisition Planning
PAR27961,26-May-2026,South Australian Tourism Commission,Events South Australia,procurement2@sa.gov.au,2027-2028 - TA Catering Services,Tourism and Entertainment,Recompete expiring contract,Limited,SA Tenders and Contracts,Probable,03-Aug-26,Initiating
PAR27959,26-May-2026,Adelaide Venue Management Corporation,Kitchen,tenders@avmc.com.au,Stainless Steel Trestle Tables,Facilities and Building Management,New requirement,Direct Approach,Email,Probable,18-Nov-25,Initiating
PAR27953,26-May-2026,Attorney General's,Information Management Services ,karen.cassiani@sa.gov.au,Information Management System solution,ICT Software and Technology,Recompete expiring contract,Open,SA Tenders and Contracts,Probable,10-Jan-27,Initiating
PAR27952,26-May-2026,Housing and Urban Development,Planning and Building,DHUD.Procurement@sa.gov.au ,Annual Penetration Testing of PlanSA System,ICT Software and Technology,Secondary procurement process,Limited,,Possible,27-Aug-26,Initiating
PAR27951,26-May-2026,State Development,Invest SA,dsd.procurement@sa.gov.au,Digital platform,ICT Software and Technology,New requirement,Limited,Email,Possible,26-Aug-26,Initiating
PAR27950,26-May-2026,Adelaide Venue Management Corporation,Building,tenders@avmc.com.au,Provision of Maintenance Services for ACC Hoists and Lifting Systems,Facilities and Building Management,New requirement,Direct Approach,Email,Certain,26-May-26,Initiating
PAR27947,25-May-2026,Education,Chief Operating Officer,Education.ProcurementUnit@sa.gov.au,Outcome Cleaning Contract - Basket Range Primary School,Facilities and Building Management,Secondary procurement process,Limited,Email,Certain,06-May-26,Initiating
PAR27945,25-May-2026,Infrastructure and Transport,Transport Strategy and Planning - Transport Analytics,dit.goodsandservices@sa.gov.au,Household Travel Survey - Full Survey,"Transportation, logistics, mail services and warehousing",New requirement,Open,SA Tenders and Contracts,Possible,09-Oct-26,Initiating
PAR27942,25-May-2026,Green Industries SA,Policy and Evaluation,DEW.Procurement@sa.gov.au,Product Stewardship Advice Services,Advisory and Consultancy Services,New requirement,Direct Approach,Email,Certain,29-May-26,Initiating
PAR27941,25-May-2026,Housing and Urban Development,NPLT,DHUD.Procurement@sa.gov.au ,Detailed Design for the NPL S&R Hub,Other,New requirement,Direct Approach,SA Tenders and Contracts,Almost Certain,08-Jun-26,Initiating
PAR27938,25-May-2026,Education,Infrastructure,Education.ProcurementUnit@sa.gov.au,Jamestown Community School - GBC,,New requirement,Open,SA Tenders and Contracts,Certain,31-Aug-26,Initiating
PAR27937,25-May-2026,Education,Infrastructure,Education.ProcurementUnit@sa.gov.au,Marryatville Primary School - GBC ,,New requirement,Open,SA Tenders and Contracts,Certain,31-Aug-26,Initiating
PAR27935,25-May-2026,Treasury and Finance,RevenueSA,dtfprocurementservices@sa.gov.au,Returned Unclaimed Mail Processing,"Transportation, logistics, mail services and warehousing",New requirement,Open,Other,Probable,01-Oct-26,Initiating
PAR27934,25-May-2026,Treasury and Finance,RevenueSA,dtfprocurementservices@sa.gov.au,Low Value Debt Recovery,Financial Services,New requirement,Direct Approach,Email,Probable,01-Sep-26,Initiating
PAR27933,25-May-2026,Education,Infrastructure,Education.ProcurementUnit@sa.gov.au,Jamestown Community School – Lead Professional Services Contractor,,New requirement,,,Certain,31-Jul-26,Initiating
PAR27932,25-May-2026,Education,Infrastructure,Education.ProcurementUnit@sa.gov.au,Marryatville Primary School – Lead Professional Services Contractor,,New requirement,Limited,SA Tenders and Contracts,Certain,26-Jul-26,Initiating
PAR27931,25-May-2026,Infrastructure and Transport,Infrastructure,dit.goodsandservices@sa.gov.au,Thebarton Senior College General Building Contractor ,,New requirement,,,Certain,31-Aug-26,Initiating
PAR27930,25-May-2026,Infrastructure and Transport,Infrastructure,dit.goodsandservices@sa.gov.au,Thebarton Senior College Quantity Surveyor ,,New requirement,,,Certain,31-Aug-26,Initiating
PAR27929,25-May-2026,Infrastructure and Transport,Infrastructure,dit.goodsandservices@sa.gov.au,Thebarton Senior College Lead Professional Services Contractor ,,New requirement,,,Certain,31-Aug-26,Initiating
PAR27914,22-May-2026,Central Adelaide Local Health Network,Operations and Performance,anoop.mammen@sa.gov.au,CALHN Robotic Bronchoscopy Equipment,Healthcare and Community Services,New requirement,Limited,Email,Possible,06-Jul-26,Initiating
PAR27911,22-May-2026,Human Services,Finance (DHS > FDCS > FBS),dhsprocurementcontracts@sa.gov.au,Service Delivery Transformation,Advisory and Consultancy Services,New requirement,Limited,,Almost Certain,14-Jun-26,Acquisition Planning
PAR27889,22-May-2026,TAFE SA,Operations,jamie.loprete@tafesa.edu.au,Cultural Index,Advisory and Consultancy Services,New requirement,,Email,Probable,20-Aug-26,Initiating
PAR27878,21-May-2026,SAFECOM,CFS,cfs.procurement@eso.sa.gov.au,Bushfire Fuels Data,ICT Software and Technology,New requirement,Direct Approach,Email,Probable,01-Jun-26,Initiating
PAR27857,21-May-2026,Adelaide Venue Management Corporation,Food and Beverage,tenders@avmc.com.au,Spirits - First Pour and SA Signature Package,Tourism and Entertainment,Recompete expiring contract,Direct Approach,Email,Certain,31-May-26,Initiating
PAR27850,21-May-2026,Primary Industries and Regions,Biosecurity,pirsa.procurement@sa.gov.au,Traffic Management Services for Fruit Fly Inspection,,New requirement,,,Almost Certain,08-Jun-26,Initiating
PAR27847,21-May-2026,Infrastructure and Transport,Commercial and Contract Management,DIT.ConstructionProcurement@sa.gov.au,PLEC project: Adelaide Road Echunga stage 3,Construction,New requirement,,,,14-May-26,Initiating
PAR27830,20-May-2026,SA Water,,Rahil.Shah@sawater.com.au,Coober Pedy Water Network Surveyor,Industrial and Engineering,New Requirement,Limited,Email,Possible,18-May-26,Released to Market
PAR27828,20-May-2026,Environment and Water,Water and River Murray,DEW.Procurement@sa.gov.au,South Australia State Government Owned Lower Murray Levee Banks Flood Damaged Fencing Restorations,Construction,New requirement,Open,SA Tenders and Contracts,Almost Certain,20-Sep-26,Initiating
PAR27820,19-May-2026,Environment and Water,Water and River Murray,DEW.Procurement@sa.gov.au,Coorong Infrastructure Investigations Project - Dredging Feasibility and Environmental Impact Report,Environmental,New requirement,Limited,Email,Almost Certain,27-May-26,Acquisition Planning
PAR27818,19-May-2026,Office of the Chief Information Officer,Cloud Services,OCIOProcurementContracts@sa.gov.au,IDX Managed Service Support and Consulting,ICT Software and Technology,Recompete expiring contract,Open,SA Tenders and Contracts,Almost Certain,08-Jul-26,Initiating
PAR27814,19-May-2026,Attorney General's,Justice Technology Services ,jason.symchoon2@sa.gov.au,Server hardware for Justice Technology Services,ICT Software and Technology,Secondary procurement process,Limited,Email,Almost Certain,15-Jun-26,Initiating
PAR27810,19-May-2026,SA Water,,Marjan.Afrouzfar@sawater.com.au,Provision of Voice Carriage Services,ICT Software and Technology,Secondary Procurement Process,Direct Approach,Email,Possible,11-May-26,Released to Market
PAR27807,19-May-2026,SA Water,,Anil.Mohan@sawater.com.au,Integration Services,ICT Software and Technology,Secondary Procurement Process,Limited,Email,Possible,07-Jul-25,Initiating
PAR27804,19-May-2026,SA Water,,dhanya.kurup@sawater.com.au,Autodesk Multiple Software Licenses,ICT Software and Technology,Recompete Expiring Contract,Direct Approach,Email,Possible,01-May-26,Released to Market
PAR27799,18-May-2026,Treasury and Finance,CTP Insurance Regulator,dtfprocurementservices@sa.gov.au,AI Compliance QA Program,Advisory and Consultancy Services,New requirement,Limited,Email,Almost Certain,23-Aug-26,Initiating
PAR27797,18-May-2026,Attorney General's,Facilities and Security ,courtney.condren@sa.gov.au,Defining BMS requirements for SA Forensic Centre,Facilities and Building Management,New requirement,Direct Approach,Email,Almost Certain,22-May-26,Initiating
PAR27785,18-May-2026,Education,Chief Operating Officer,Education.ProcurementUnit@sa.gov.au,First aid Training,Advisory and Consultancy Services,New requirement,Limited,SA Tenders and Contracts,Probable,18-Aug-26,Initiating
PAR27783,18-May-2026,Environment and Water,Water and River Murray,DEW.Procurement@sa.gov.au,Design of regulator gates and fish screens – multiple sites,Environmental,New requirement,Direct Approach,Email,Almost Certain,02-Jun-26,Initiating
PAR27781,18-May-2026,ReturnToWorkSA,Digital & Information Group,procurement@rtwsa.com,Laptops Bulk Upgrade,Office Equipment and Accessories and Supplies,Secondary procurement process,Limited,SA Tenders and Contracts,Certain,09-Jun-26,Initiating
PAR27779,15-May-2026,Housing and Urban Development,Planning and Building,DHUD.Procurement@sa.gov.au ,Dry Creek Structure Plan,Advisory and Consultancy Services,New requirement,Direct Approach,Other,Possible,31-Jul-26,Initiating
PAR27778,15-May-2026,Housing and Urban Development,Planning and Building,DHUD.Procurement@sa.gov.au ,Structure Plan for Growth Areas at Mount Barker,Advisory and Consultancy Services,New requirement,Open,SA Tenders and Contracts,Possible,01-Oct-26,Initiating
PAR27777,15-May-2026,Education,Curriculum and Learning,Education.ProcurementUnit@sa.gov.au,Continued hosting & mainteanance of KSCPC website,ICT Software and Technology,Recompete expiring contract,Open,SA Tenders and Contracts,Certain,16-Aug-26,Initiating
PAR27776,15-May-2026,Housing and Urban Development,Planning and Building,DHUD.Procurement@sa.gov.au ,Structure Plan for Growth Areas at Roseworthy,Advisory and Consultancy Services,New requirement,Open,SA Tenders and Contracts,Possible,31-May-26,Initiating
PAR27774,15-May-2026,Primary Industries and Regions,Fisheries and Aquaculture,pirsa.procurement@sa.gov.au,Corrosion Control on the vessel FPV Southern Ranger,,New requirement,,,Probable,28-May-26,Initiating
PAR27772,15-May-2026,South Australian Tourism Commission,Events South Australia,procurement2@sa.gov.au,Event Management Services,Tourism and Entertainment,New requirement,Open,SA Tenders and Contracts,Cancelled,02-Nov-26,Initiating
PAR27769,15-May-2026,South Australian Tourism Commission,Marketing,procurement2@sa.gov.au,Creative Services,Communications and Marketing,Recompete expiring contract,Open,SA Tenders and Contracts,Possible,02-Nov-26,Initiating
PAR27768,15-May-2026,Attorney General's,Aboriginal Affairs & Reconciliation,sandra.falso@sa.gov.au,CTG Annual Report,Other,New requirement,Direct Approach,Email,Certain,30-Jun-26,Initiating
PAR27766,14-May-2026,Northern Adelaide Local Health Network,Lyell McEwin Hospital,evan.makris@sa.gov.au,Specialised Mental Health Beds – Ward 1H Refurb,,New requirement,,,Almost Certain,18-May-26,Initiating
PAR27763,14-May-2026,Legal Services Commission of South Australia,Information Communication Technology (ICT),procurement@lsc.sa.gov.au,Grants Management System,ICT Software and Technology,New requirement,Open,SA Tenders and Contracts,Probable,14-Aug-26,Initiating
PAR27762,14-May-2026,Legal Services Commission of South Australia,Information Communication Technology (ICT),procurement@lsc.sa.gov.au,Grants Management System Discovery and Design,ICT Software and Technology,New requirement,Direct Approach,Email,Probable,14-Aug-26,Initiating
PAR27749,13-May-2026,South Australian Tourism Commission,Events South Australia,procurement2@sa.gov.au,2027 TDU Flooring ,Construction,New requirement,Limited,Email,Certain,01-Jul-26,Initiating
PAR27748,13-May-2026,South Australian Tourism Commission,Events South Australia,procurement2@sa.gov.au,2027 - 2028 Tasting Creative Team,Tourism and Entertainment,Recompete expiring contract,Direct Approach,Email,Certain,01-Jul-26,Initiating
PAR27743,13-May-2026,Premier and Cabinet,SA Motor Sport Board,dpcprocurementandcontracts@sa.gov.au,Australian Rally Championship Festival,Other,New requirement,Direct Approach,Email,Almost Certain,18-May-26,Acquisition Planning
PAR27739,13-May-2026,Primary Industries and Regions,SARDI,pirsa.procurement@sa.gov.au,Restocking Analytical Testing Services,,New requirement,,,Possible,13-Aug-26,Initiating
PAR27738,13-May-2026,Primary Industries and Regions,SARDI,pirsa.procurement@sa.gov.au,Feeding for Broodstock and Fingerling Development,,New requirement,,,Possible,13-Aug-26,Initiating
PAR27737,13-May-2026,Office of the Chief Information Officer,,OCIOProcurementContracts@sa.gov.au,Financial Management System,ICT Software and Technology,New requirement,Open,SA Tenders and Contracts,,16-Aug-26,Initiating
PAR27736,13-May-2026,State Development,Skills SA,dsd.procurement@sa.gov.au,Atlassian Jira Service Management Licensing ,ICT Software and Technology,Secondary procurement process,,,Almost Certain,12-Aug-26,Initiating
PAR27735,13-May-2026,Health and Wellbeing,Digital Health SA,jay.pan@sa.gov.au,"Technology research, advisory, and market intelligence tool",ICT Software and Technology,New requirement,Open,SA Tenders and Contracts,Possible,13-Aug-26,Initiating
PAR27733,13-May-2026,Housing Trust,Digital and Business Services,housingprocurement@sa.gov.au,Network Resilience,ICT Software and Technology,New requirement,Limited,SA Tenders and Contracts,Possible,07-Jan-27,Acquisition Planning
PAR27712,11-May-2026,Renewal SA,Residential Project Delivery and Assets - Medium Density & Built Form,sarah.partridge@sa.gov.au,Bowden - Park Terrace Median Island Greening Works ,,New requirement,Open,SA Tenders and Contracts,Certain,01-Jun-26,Acquisition Planning
PAR27708,11-May-2026,Education,Schools and Preschools,Education.ProcurementUnit@sa.gov.au,Education Perfect,ICT Software and Technology,New requirement,Direct Approach,Other,Certain,01-Sep-26,Initiating
PAR27707,11-May-2026,Environment and Water,National Parks and Wildlife Service,DEW.Procurement@sa.gov.au,Shell Beach Boardwalk and Staircase Construction - Innes National Park,Construction,New requirement,Limited,Email,Probable,30-May-26,Acquisition Planning
PAR27700,08-May-2026,SAFECOM,CFS,cfs.procurement@eso.sa.gov.au,AI Rapid Bushfire Warning Message System,ICT Software and Technology,New requirement,Limited,Email,Possible,31-May-26,Acquisition Planning
PAR27699,08-May-2026,Attorney General's,Justice Technology Services ,jason.symchoon2@sa.gov.au,Enterprise cyber security tooling solution,ICT Software and Technology,New requirement,Open,SA Tenders and Contracts,Almost Certain,09-Aug-26,Initiating
PAR27698,08-May-2026,Attorney General's,Justice Technology Services ,jason.symchoon2@sa.gov.au,AGD cyber security services panel,ICT Software and Technology,New requirement,Open,SA Tenders and Contracts,Almost Certain,09-Aug-26,Acquisition Planning
PAR27697,08-May-2026,Education,Schools and Preschools,Education.ProcurementUnit@sa.gov.au,Daymap,ICT Software and Technology,New requirement,Direct Approach,Other,Certain,01-Sep-26,Initiating
PAR27696,08-May-2026,Renewal SA,Residential Project Delivery & Assets - Asset Management,paul.mullins@sa.gov.au,Technology Park - Painting Services,Facilities and Building Management,New requirement,Limited,SA Tenders and Contracts,Certain,22-May-26,Initiating
PAR27695,08-May-2026,Primary Industries and Regions,Corporate Services,pirsa.procurement@sa.gov.au,Chemical Management System,,New requirement,,,Possible,21-Jul-26,Initiating
PAR27694,07-May-2026,Southern Adelaide Local Health Network,Infrastructure Services,michael.alliston3@sa.gov.au,Mobile Pods,Facilities and Building Management,New requirement,Limited,Email,Probable,24-May-26,Initiating
PAR27683,07-May-2026,Education,Curriculum and Learning,Education.ProcurementUnit@sa.gov.au,Theraputic Services to Children in APY Lands,Advisory and Consultancy Services,New requirement,Direct Approach,Other,Certain,30-Sep-26,Initiating
PAR27682,07-May-2026,Attorney General's,Office of the Director of Public Prosecutions,amanda.simon@sa.gov.au,Electronic Evidence System,ICT Software and Technology,New requirement,Direct Approach,Email,Certain,11-May-26,Initiating
PAR27680,07-May-2026,Primary Industries and Regions,Biosecurity,pirsa.procurement@sa.gov.au,Remote Technology Contractor - Drone Chemical Application,,New requirement,,,Almost Certain,07-Aug-26,Initiating
PAR27678,07-May-2026,Education,Curriculum and Learning,Education.ProcurementUnit@sa.gov.au,Artist in Residence,Advisory and Consultancy Services,New requirement,Direct Approach,Other,Certain,,Acquisition Planning
PAR27677,07-May-2026,Education,Schools and Preschools,Education.ProcurementUnit@sa.gov.au,Out of School Hours Care - Morphett Vale East Primary School 2026,Healthcare and Community Services,Secondary procurement process,Open,SA Tenders and Contracts,Certain,11-May-26,Released to Market
PAR27675,07-May-2026,Housing and Urban Development,Planning and Building,DHUD.Procurement@sa.gov.au ,"Identity and Access Management - Okta, Auth0 subscription",ICT Software and Technology,Secondary procurement process,Direct Approach,Other,Possible,10-Aug-26,Initiating
PAR27674,07-May-2026,Housing and Urban Development,Growth & Infrastructure Coordination Unit ,DHUD.Procurement@sa.gov.au ,Concordia Transport Modelling and Desing,Industrial and Engineering,New requirement,Direct Approach,SA Tenders and Contracts,Certain,30-Jun-26,Acquisition Planning
PAR27671,06-May-2026,Adelaide Venue Management Corporation,People,tenders@avmc.com.au,Provision of Casual Labour Hire,Tourism and Entertainment,Recompete expiring contract,Limited,SA Tenders and Contracts,Certain,02-Jun-26,Initiating
PAR27670,06-May-2026,South Australian Ambulance Service,South Australian Ambulance Service,Health.SAASProcurementandContracts@sa.gov.au,Supply of Ruggadised Handheld Radios ,Other,New requirement,Direct Approach,Email,Certain,11-May-26,Initiating
PAR27665,06-May-2026,Housing Trust,Finance and Partnerships,housingprocurement@sa.gov.au,"HAFF Remote - Repairs, Maintenance and Improvements - Yalata, Koonibba and Umoona - Stage 2",Construction,New requirement,Open,SA Tenders and Contracts,Possible,01-Mar-27,Acquisition Planning
PAR27664,06-May-2026,Housing Trust,Finance and Partnerships,housingprocurement@sa.gov.au,"HAFF Remote - Repairs, Maintenance and Improvements - APY Homelands",Construction,New requirement,Open,SA Tenders and Contracts,Possible,01-Jul-27,Acquisition Planning
PAR27663,06-May-2026,Housing Trust,Finance and Partnerships,housingprocurement@sa.gov.au,"HAFF Remote - Repairs, Maintenance and Improvements - Port Lincoln Homelands",Construction,New requirement,Open,SA Tenders and Contracts,Probable,01-Jan-27,Acquisition Planning
PAR27661,06-May-2026,Housing Trust,Finance and Partnerships,housingprocurement@sa.gov.au,"HAFF Remote - Repairs, Maintenance and Improvements - APY Lands and Dunjiba - Stage 2",Construction,New requirement,Open,SA Tenders and Contracts,Probable,01-Jan-27,Acquisition Planning
PAR27660,06-May-2026,Housing Trust,Finance and Partnerships,housingprocurement@sa.gov.au,"HAFF Remote - Repairs, Maintenance and Improvements - Nipapanha and Northern Flinders Homelands",Construction,New requirement,Open,SA Tenders and Contracts,Probable,01-Sep-26,Acquisition Planning
PAR27659,06-May-2026,Housing Trust,Finance and Partnerships,housingprocurement@sa.gov.au,"HAFF Remote - Repairs, Maintenance and Improvements - West Coast Homelands",Construction,New requirement,Open,SA Tenders and Contracts,Probable,01-Sep-26,Acquisition Planning
PAR27658,06-May-2026,Housing Trust,Finance and Partnerships,housingprocurement@sa.gov.au,"HAFF Remote - Repairs, Maintenance and Improvements - Oak Valley",Construction,New requirement,Open,SA Tenders and Contracts,Almost Certain,01-Jul-26,Acquisition Planning
PAR27656,06-May-2026,Infrastructure and Transport,Infrastructure Delivery - Building Projects,DIT.FutureBuildingTenders@sa.gov.au,Murray Bridge Technical College New Work - General Building Contractor,Construction,New requirement,Limited,SA Tenders and Contracts,Probable,14-May-26,Acquisition Planning
PAR27647,05-May-2026,Environment and Water,National Parks and Public Lands,DEW.Procurement@sa.gov.au,Mt Lofty Summit Cleaning Contract,Facilities and Building Management,Recompete expiring contract,Limited,Email,Certain,08-May-26,Initiating
PAR27645,05-May-2026,Environment and Water,Biodiversity and Nature Economy,DEW.Procurement@sa.gov.au,BioData SA - Architecture Services,Environmental,Secondary procurement process,Limited,Other,Possible,11-Aug-26,Initiating
PAR27640,05-May-2026,Renewal SA,Residential Project Delivery and Assets - Residential Growth,sarah.partridge@sa.gov.au,Playford Alive Greenfields Landscape Architect Services ,Construction,New requirement,Open,SA Tenders and Contracts,Certain,01-Jul-26,Acquisition Planning
PAR27636,04-May-2026,Attorney General's,Technology Services,nathan.chattaway@sa.gov.au,Corporate Case Management System,ICT Software and Technology,Recompete expiring contract,Direct Approach,Email,Almost Certain,29-May-26,Initiating
PAR27633,04-May-2026,Attorney General's,Public Safety Solutions ,joanna.schrader@sa.gov.au,SPARAS Contract Financial Modelling,Advisory and Consultancy Services,Secondary procurement process,Limited,Email,Almost Certain,15-May-26,Initiating
PAR27628,04-May-2026,Renewal SA,Asset Management ,christine.sutcliffe@sa.gov.au,Adelaide Railway Station Cleaning Serices ,Facilities and Building Management,New requirement,Direct Approach,Email,Certain,08-May-26,Initiating
PAR27627,04-May-2026,Health and Wellbeing,,paul.roberts2@sa.gov.au,Mental Health Carer Support Services ,Healthcare and Community Services,Recompete expiring contract,Open,SA Tenders and Contracts,Possible,03-Aug-26,Initiating
PAR27626,04-May-2026,Attorney General's,Safework SA,dale.stephen@sa.gov.au,Mobility operating model review,Other,New requirement,Open,SA Tenders and Contracts,Probable,17-Aug-26,Initiating
PAR27624,04-May-2026,SAFECOM,SAFECOM,SAFECOM.Procurement@eso.sa.gov.au,Carbon Management Plan,Advisory and Consultancy Services,New requirement,Limited,Email,Possible,01-Sep-26,Initiating
PAR27623,01-May-2026,Health and Wellbeing,Digital Health SA,umar.khan2@sa.gov.au,CME Replacement program (DASSA) ,Human Resources and Staffing,Secondary procurement process,Direct Approach,Email,Possible,04-May-26,Initiating
PAR27622,01-May-2026,Infrastructure and Transport,Transport Strategy and Planning,dit:sstenders@sa.gov.au,26C105 - Rural Junction Active Warning System (RJAWS),Construction,New requirement,Limited,Email,Probable,30-May-26,Initiating
PAR27618,01-May-2026,Renewal SA,,damian.bourke@sa.gov.au,Tapangka - Reference Design ,Advisory and Consultancy Services,New requirement,Direct Approach,Email,Certain,01-May-26,Initiating
PAR27617,01-May-2026,Health and Wellbeing,Digital Health SA,umar.khan2@sa.gov.au,Building Management Network Hardware ,ICT Software and Technology,Secondary procurement process,Limited,Email,Possible,13-Jul-26,Initiating
PAR27616,01-May-2026,Renewal SA,,nicolette.gittings2@sa.gov.au,Reference Design for Tapangka,Advisory and Consultancy Services,New requirement,Direct Approach,Email,Certain,07-May-26,Initiating
PAR27615,01-May-2026,Premier and Cabinet,Office for AUKUS,dpcprocurementandcontracts@sa.gov.au,Security and Safety Needs Assessment,Advisory and Consultancy Services,New requirement,Open,SA Tenders and Contracts,Probable,08-Jun-26,Acquisition Planning
PAR27613,30-Apr-2026,Energy and Mining,Regulation and Compliance,john.fitzgerald3@sa.gov.au,Purchase of Dozer,Energy and Fuels,New requirement,Open,SA Tenders and Contracts,Possible,31-Dec-26,Initiating
PAR27603,30-Apr-2026,Infrastructure and Transport,Commercial and Contract Management,DIT.ConstructionProcurement@sa.gov.au,Edward Street Pedestrian Activated Crossing,,New requirement,,,Possible,30-Jul-26,Initiating
PAR27599,30-Apr-2026,Health and Wellbeing,Digital Health SA,umar.khan2@sa.gov.au,Allen Zivanovic Contract for Interportability Software development,Human Resources and Staffing,Secondary procurement process,Direct Approach,Email,Possible,11-May-26,Initiating
PAR27598,30-Apr-2026,Green Industries SA,Policy and Evaluation,DEW.Procurement@sa.gov.au,Circular Behaviour Study,Environmental,New requirement,Limited,Email,Almost Certain,07-Aug-26,Initiating
PAR27597,30-Apr-2026,Housing and Urban Development,NPLT,DHUD.Procurement@sa.gov.au ,Brand creation for the Northern Park Lands Trust,Communications and Marketing,New requirement,Limited,SA Tenders and Contracts,Almost Certain,15-Sep-26,Initiating
PAR27590,29-Apr-2026,Health and Wellbeing,Royal Adelaide Hospital - Neuro,gayatri.katdare@sa.gov.au,Desktop EMG system for CALHN Neurophysiology ,Healthcare and Community Services,New requirement,Open,Email,Almost Certain,01-Jul-26,Initiating
PAR27568,29-Apr-2026,Health and Wellbeing,Digital Health SA,jay.pan@sa.gov.au,Security toolset,ICT Software and Technology,New requirement,Open,SA Tenders and Contracts,Possible,03-Aug-26,Initiating
PAR27566,29-Apr-2026,Human Services,Remote and Regional Service Development (DHS > CAP > RRSD),dhsprocurementcontracts@sa.gov.au,Youth Outreach Program ,Healthcare and Community Services,New requirement,Limited,Other,Almost Certain,29-Apr-26,Acquisition Planning
PAR27565,29-Apr-2026,Renewal SA,Residential Project Delivery and Assets,sarah.partridge@sa.gov.au,Playford Alive – North – Civil Construction Services Deed   ,,New requirement,,,Certain,01-Jul-26,Initiating
PAR27564,29-Apr-2026,Renewal SA,Residential Project Delivery and Assets,sarah.partridge@sa.gov.au,Playford Alive – North – Civil Engineer for Detailed design of Residential Subdivision       ,Construction,New requirement,Open,SA Tenders and Contracts,Certain,01-Jul-26,Initiating
PAR27557,28-Apr-2026,Environment Protection Authority,"CIO, Digital and Systems",epa.procurement@sa.gov.au,Environment Protection Authority Data and Information Transformation - Data Lakehouse,ICT Software and Technology,New requirement,Open,Email,Probable,29-Jul-26,Initiating
PAR27555,28-Apr-2026,Education,People and Culture,Education.ProcurementUnit@sa.gov.au,Engagement of Registered Migration Agents,Advisory and Consultancy Services,New requirement,Limited,SA Tenders and Contracts,Certain,30-Jun-26,Initiating
PAR27554,28-Apr-2026,Attorney General's,Justice Technology Services ,jason.symchoon2@sa.gov.au,Future justice information sharing (FJIS) software tools - Testing Software Tools,ICT Software and Technology,New requirement,Direct Approach,Email,Certain,30-Apr-26,Released to Market
PAR27548,28-Apr-2026,Renewal SA,Residential Project Delivery and Assets - Residential Growth,sarah.partridge@sa.gov.au,Noarlunga Sales Centre Cleaning Services,Facilities and Building Management,New requirement,Limited,SA Tenders and Contracts,Certain,31-May-26,Acquisition Planning
PAR27546,28-Apr-2026,ReturnToWorkSA,Office of the CEO,procurement@rtwsa.com,Portfolio reporting system & implementation partner,ICT Software and Technology,New requirement,Open,SA Tenders and Contracts,Probable,28-Jul-26,Initiating
PAR27541,28-Apr-2026,Attorney General's,Public Trustee,matthew.hill@sa.gov.au,Public Trustee Meeting Room AV Upgrade,ICT Software and Technology,New requirement,Direct Approach,Email,Certain,28-Apr-26,Initiating
PAR27540,28-Apr-2026,Attorney General's,Justice Technology Services ,jason.symchoon2@sa.gov.au,Future justice information sharing (FJIS) software tools - Data Modelling,ICT Software and Technology,New requirement,Direct Approach,Email,Certain,11-May-26,Initiating
PAR27533,27-Apr-2026,Human Services,Office for Ageing Well (DHS > ADPS > OAW),dhsprocurementcontracts@sa.gov.au,WeekendPlus Content Syndication,Healthcare and Community Services,New requirement,Limited,,Probable,29-May-26,Acquisition Planning
PAR27531,27-Apr-2026,Procurement Services SA,,procurement@sa.gov.au,Cultural Awareness Program,Other,New requirement,Limited,SA Tenders and Contracts,Probable,29-Jul-26,Initiating
PAR27529,27-Apr-2026,Education,Chief Operating Officer,Education.ProcurementUnit@sa.gov.au,Bus Services - Cherryville to Norwood International High School,"Transportation, logistics, mail services and warehousing",New requirement,Open,SA Tenders and Contracts,Probable,01-Jul-26,Initiating
PAR27526,27-Apr-2026,Health and Wellbeing,Procrement and Supply Chain Management (PSCM),healthpscmspecialistsourcing@sa.gov.au,Interpreter and Translator Services,Healthcare and Community Services,Recompete expiring contract,Open,SA Tenders and Contracts,Almost Certain,02-Feb-27,Initiating
PAR27525,27-Apr-2026,SA Police,"People, Culture and Wellbeing",SAPOL.PCMSB@police.sa.gov.au,Psychometrics for Constable Development Program Redesign,Advisory and Consultancy Services,New requirement,Open,,Almost Certain,25-May-26,Acquisition Planning
PAR27520,27-Apr-2026,Environment and Water,National Parks and Public Lands,DEW.Procurement@sa.gov.au,Demolition of Alligator Lodge in the Mount Remarkable National Park,Construction,New requirement,Limited,Email,Probable,30-Jun-26,Initiating
PAR27519,27-Apr-2026,Environment and Water,National Parks and Public Lands,DEW.Procurement@sa.gov.au,Health and Fitness Assessment Services - Fighting Fit Program,Healthcare and Community Services,Recompete expiring contract,Open,SA Tenders and Contracts,Certain,31-Aug-26,Initiating
PAR27509,24-Apr-2026,Education,Schools and Preschools,Education.ProcurementUnit@sa.gov.au,Canteen Services - Woodville High School,Facilities and Building Management,Recompete expiring contract,Open,SA Tenders and Contracts,Almost Certain,01-Aug-26,Acquisition Planning
PAR27508,24-Apr-2026,Education,,Education.ProcurementUnit@sa.gov.au,Scape Reservation Agreement ,Travel and accommodation,New requirement,Limited,Email,,,Initiating
PAR27507,24-Apr-2026,State Development,Portfolio Delivery,dsd.procurement@sa.gov.au,Centralised Procurement and Grants Contracts register,ICT Software and Technology,New requirement,Open,SA Tenders and Contracts,Possible,31-Jul-26,Initiating
PAR27506,24-Apr-2026,Office of the Chief Information Officer,Office for Cyber Security,OCIOProcurementContracts@sa.gov.au,Cyber Incident Preferred Supplier Whole of Government,ICT Software and Technology,New requirement,Limited,Other,Possible,01-Nov-26,Initiating
PAR27505,24-Apr-2026,Primary Industries and Regions,Biosecurity,pirsa.procurement@sa.gov.au,Cera Trap Refill Goods,Environmental,New requirement,Direct Approach,Email,Probable,24-Jul-26,Initiating
PAR27504,23-Apr-2026,SAFECOM,MFS,SAFECOM.Procurement@eso.sa.gov.au,Temporary Transportable PPE Storage Solutions ,Public Administration and Safety,New requirement,Direct Approach,Email,Almost Certain,24-Apr-26,Initiating
PAR27502,23-Apr-2026,Courts Administration,Court SA,contract_.procurement@courts.sa.gov.au,Procurement of Microsoft Unified Support Services 2026-2030,ICT Software and Technology,Secondary procurement process,Direct Approach,Email,Almost Certain,01-Jun-26,Initiating
PAR27496,23-Apr-2026,Attorney General's,Forensic Science SA  ,chris.kostakis@sa.gov.au,"Supply, installation and commissioning of a liquid chromatograph mass spectrometer (LCMS) and associated support services",Research and Scientific,New requirement,Direct Approach,Email,Certain,23-Apr-26,Initiating
PAR27494,23-Apr-2026,Treasury and Finance,Information and Technology,dtfprocurementservices@sa.gov.au,SAC Level 8 Fitout,ICT Software and Technology,New requirement,Direct Approach,Email,Certain,23-Apr-26,Initiating
PAR27491,23-Apr-2026,TAFE SA,Operations - Facilities & Projects,jamie.loprete@tafesa.edu.au,Mt Barker Project Auxiliary works,,New requirement,,,Possible,31-Jul-26,Initiating
PAR27490,23-Apr-2026,TAFE SA,Operations - Facilities & Projects,jamie.loprete@tafesa.edu.au,Mt Barker Project CM,,New requirement,,,Probable,01-Sep-26,Initiating
PAR27489,23-Apr-2026,TAFE SA,Operations - Facilities & Projects,jamie.loprete@tafesa.edu.au,Mt Barker Project GBC,,New requirement,,,Probable,20-Jan-27,Initiating
PAR27487,23-Apr-2026,TAFE SA,Operations - Facilities & Projects,jamie.loprete@tafesa.edu.au,Mt Barker Project LPSC,Advisory and Consultancy Services,New requirement,,,Almost Certain,31-Aug-26,Initiating
PAR27486,23-Apr-2026,TAFE SA,Operations - Facilities & Projects,jamie.loprete@tafesa.edu.au,Space Management/ Workplace Architect,,New requirement,,,Probable,01-Sep-26,Initiating
PAR27479,23-Apr-2026,Housing and Urban Development,Growth & Infrastructure Coordination Unit ,DHUD.Procurement@sa.gov.au ,GRFMA - Additional Professional Services ,Industrial and Engineering,New requirement,Limited,SA Tenders and Contracts,Certain,01-Jun-26,Acquisition Planning
PAR27478,23-Apr-2026,Renewal SA,Asset Management,sarah.wuttke@sa.gov.au,Harts Mill Playground Softfall Replacement,Construction,New requirement,Open,SA Tenders and Contracts,Almost Certain,28-Apr-26,Initiating
PAR27477,23-Apr-2026,Primary Industries and Regions,Biosecurity,pirsa.procurement@sa.gov.au,Freight and Delivery for Fruit Fly,"Transportation, logistics, mail services and warehousing",New requirement,,,Almost Certain,16-Jun-26,Initiating
PAR27476,23-Apr-2026,Attorney General's,Technology Services,nathan.chattaway@sa.gov.au,A Case Management System for Office of Public Advocate,ICT Software and Technology,New requirement,Direct Approach,Email,Almost Certain,30-Apr-26,Initiating
PAR27475,22-Apr-2026,Southern Adelaide Local Health Network,Corporate Services,michael.alliston3@sa.gov.au,AV/ICT Installation Services ,Facilities and Building Management,New requirement,Limited,Email,Almost Certain,22-Apr-26,Initiating
PAR27474,22-Apr-2026,Environment and Water,Water and River Murray,DEW.Procurement@sa.gov.au,Loveday/Mussel Lagoon Works Package,Construction,New requirement,Open,SA Tenders and Contracts,Almost Certain,08-Jun-26,Initiating
PAR27473,22-Apr-2026,Primary Industries and Regions,"Industry, Strategy & Partnerships",pirsa.procurement@sa.gov.au,PIRSA Website Development Services 2026-27,ICT Software and Technology,New requirement,,,,,Initiating
PAR27471,22-Apr-2026,Southern Adelaide Local Health Network,Medicine Cardiac and Critical Care,michael.alliston3@sa.gov.au,Locum Agency Medical Services ,Human Resources and Staffing,Secondary procurement process,Direct Approach,Email,Certain,25-May-26,Initiating
PAR27467,22-Apr-2026,Premier and Cabinet,SA Motor Sport Board,SAMSBProcurement@sa.gov.au,Ticketing Services,Tourism and Entertainment,Recompete expiring contract,Limited,SA Tenders and Contracts,Certain,27-Apr-26,Acquisition Planning
PAR27463,22-Apr-2026,State Development,Portfolio Delivery,dsd.procurement@sa.gov.au,Feasibility Study Economic Assessments or Professional Services,Advisory and Consultancy Services,New requirement,Limited,Email,Probable,22-Jul-26,Initiating
PAR27462,22-Apr-2026,SA Water,,Sarah.Dolman@sawater.com.au,Regional Engineering Mechanical/Electrical Framework,Industrial and Engineering,Secondary Procurement Process,Limited,SA Tenders and Contracts,Possible,28-Apr-26,Released to Market
PAR27461,22-Apr-2026,SA Water,,Anjana.Dissanayake@sawater.com.au,C7260 Laptop Capitalization,ICT Software and Technology,Secondary Procurement Process,Direct Approach,Email,Possible,15-May-26,Released to Market
PAR27457,22-Apr-2026,SA Water,,Sarah.Dolman@sawater.com.au,Concept Design for Bolivar WWTP Upgrade Stage 2,Industrial and Engineering,Secondary Procurement Process,Limited,SA Tenders and Contracts,Possible,03-Feb-26,Initiating
PAR27449,22-Apr-2026,Central Adelaide Local Health Network,Research Services,joy.chibuoke@sa.gov.au,Knowledge Management System,ICT Software and Technology,Recompete expiring contract,Limited,SA Tenders and Contracts,Almost Certain,21-Jul-26,Initiating
PAR27447,21-Apr-2026,Courts Administration,Court SA,contract_.procurement@courts.sa.gov.au,Objective EDRMS Software Support,ICT Software and Technology,Secondary procurement process,Direct Approach,Email,Probable,29-Apr-26,Initiating
PAR27446,21-Apr-2026,Central Adelaide Local Health Network,,joy.chibuoke@sa.gov.au,Intravascular Ultrasound Technology,Healthcare and Community Services,New requirement,Limited,Other,Certain,20-Aug-26,Initiating
PAR27443,21-Apr-2026,Human Services,Community and Partnerships - Community Programs and Partnerships (DHS > ESI > CP > CPP),dhsprocurementcontracts@sa.gov.au,Services for People With Autism Grant,Healthcare and Community Services,New requirement,Direct Approach,,Probable,01-Jul-26,Acquisition Planning
PAR27436,21-Apr-2026,Human Services,Community and Partnerships - Community Connections (DHS > ESI > C&P > CC),dhsprocurementcontracts@sa.gov.au,Community Transport SA Program,Healthcare and Community Services,New requirement,Direct Approach,,Probable,11-May-26,Acquisition Planning
PAR27434,21-Apr-2026,Infrastructure and Transport,,dit.goodsandservices@sa.gov.au,Murray Bridge Technical College - Cost Manager ,,New requirement,,,Certain,,Initiating
PAR27433,21-Apr-2026,Infrastructure and Transport,People and Corporate Services - LCAS,dit.goodsandservices@sa.gov.au,Market Sounding – Roadside Service Centres,Advisory and Consultancy Services,New requirement,Open,SA Tenders and Contracts,Almost Certain,26-Oct-26,Initiating
PAR27431,20-Apr-2026,Health and Wellbeing,Digital Health SA,umar.khan2@sa.gov.au,Bragg Centre Network Upgrade – HSNet 2 Network Hardware and Associated Services ,ICT Software and Technology,Secondary procurement process,Limited,Email,Possible,27-Apr-26,Initiating
PAR27430,20-Apr-2026,Study Adelaide,Marketing,odettesmith@studyadelaide.com,Accommodation of Famils Education Agents,Travel and accommodation,Secondary procurement process,Direct Approach,Email,Almost Certain,21-Jul-26,Initiating
PAR27427,20-Apr-2026,Human Services,"Office for the Prevention of Domestic, Family and Sexual Violence (DHS > WE > OPDFS)",dhsprocurementcontracts@sa.gov.au,SAFER Intersectional Tools,Healthcare and Community Services,New requirement,Direct Approach,,Probable,25-May-26,Acquisition Planning
PAR27425,20-Apr-2026,Housing Trust,Housing Delivery,housingprocurement@sa.gov.au,Tenant Relocation Engagement,Healthcare and Community Services,New requirement,Limited,SA Tenders and Contracts,Certain,12-May-26,Acquisition Planning
PAR27424,20-Apr-2026,Education,,Education.ProcurementUnit@sa.gov.au,New Schools Delivery  - Cost Manager Consultant Engagement,,New requirement,,,Certain,30-Jun-26,Initiating
PAR27423,20-Apr-2026,Education,,Education.ProcurementUnit@sa.gov.au,New Schools Delivery - Lead PSC Consultant Engagement,,New requirement,,,Certain,23-Jun-26,Initiating
PAR27422,20-Apr-2026,South Australian Superannuation Board,Super SA,supersaprocurement@sa.gov.au,Service Centre Ticketing System,Other,New requirement,Limited,Email,Almost Certain,31-Aug-26,Initiating
PAR27421,20-Apr-2026,Human Services,Remote and Regional Service Development (DHS > CAP > RRSD),dhsprocurementcontracts@sa.gov.au,Restorative Practices Port Augusta,Healthcare and Community Services,New requirement,Direct Approach,,Probable,18-May-26,Acquisition Planning
PAR27416,17-Apr-2026,SA Police,Information Systems & Technology,SAPOL.PCMSB@police.sa.gov.au,PSU Azure Cloud Temp Services,Human Resources and Staffing,Secondary procurement process,Open,,Almost Certain,,Acquisition Planning
PAR27412,17-Apr-2026,SA Police,Operations Support Service,SAPOL.PCMSB@police.sa.gov.au,AVL Replacement,ICT Software and Technology,New requirement,Open,,Almost Certain,15-May-26,Acquisition Planning
PAR27411,17-Apr-2026,Housing and Urban Development,Office of the Registrar General,DHUD.Procurement@sa.gov.au ,Financial Viability Audit,Financial Services,Secondary procurement process,,,Almost Certain,12-Oct-26,Initiating
PAR27409,16-Apr-2026,Environment and Water,Biodiversity and Nature Economy,DEW.Procurement@sa.gov.au,2027 Adelaide Beach Management - Dredging,Construction,New requirement,Open,SA Tenders and Contracts,Almost Certain,14-Jun-26,Initiating
PAR27408,16-Apr-2026,State Development,Portfolio Delivery,dsd.procurement@sa.gov.au,Managed Platform Services (MPS) ,ICT Software and Technology,New requirement,,,Possible,01-Jul-26,Initiating
PAR27407,16-Apr-2026,Environment and Water,Water and River Murray,DEW.Procurement@sa.gov.au,Purchase of a Geophysical equipment,Industrial and Engineering,New requirement,Limited,Email,Certain,16-Jul-26,Initiating
PAR27406,16-Apr-2026,Environment and Water,Water and River Murray,DEW.Procurement@sa.gov.au,Regency Park Depot Forklift upgrade,"Transportation, logistics, mail services and warehousing",New requirement,Limited,Email,Certain,16-Jul-26,Initiating
PAR27404,16-Apr-2026,Renewal SA,,ryan.dienhoff@sa.gov.au,"Edinburgh Aircraft Paint Facility, Principal Construction Contractor",Construction,New requirement,Open,SA Tenders and Contracts,Certain,04-May-26,Acquisition Planning
PAR27401,16-Apr-2026,Renewal SA,Property and Major Projects / Innovations Districts & City,ryan.dienhoff@sa.gov.au,Lot 35 MAB Car Park Extension,Construction,New requirement,Open,SA Tenders and Contracts,Certain,11-May-26,Acquisition Planning
PAR27399,16-Apr-2026,Environment and Water,National Parks and Public Lands,DEW.Procurement@sa.gov.au,"Fire Appliance Replacement Program, Heavy Tanker  ",Fleet and vehicles,New requirement,Open,SA Tenders and Contracts,Almost Certain,01-Sep-26,Initiating
PAR27398,16-Apr-2026,Central Adelaide Local Health Network,Operations and Performance,lisa.kastelan@sa.gov.au,PICQ and RISQ Support Software as a Service,ICT Software and Technology,New requirement,Direct Approach,Email,Certain,30-Apr-26,Initiating
PAR27393,16-Apr-2026,Infrastructure and Transport,Transport Policy and Regulation - Service SA,dit.goodsandservices@sa.gov.au,Cash Handling,Financial Services,New requirement,Open,SA Tenders and Contracts,Almost Certain,26-Jun-26,Acquisition Planning
PAR27391,15-Apr-2026,West Beach Trust,Operations,natalie.hawkes@westbeachparks.com.au,Beverage Supplkier,Other,Recompete expiring contract,Open,SA Tenders and Contracts,Certain,26-May-26,Initiating
PAR27390,15-Apr-2026,South Australian Ambulance Service,South Australian Ambulance Service,Health.SAASProcurementandContracts@sa.gov.au,Supply of Auto Electrical Procucts 2026,Fleet and vehicles,New requirement,Open,SA Tenders and Contracts,Probable,20-Jul-26,Initiating
PAR27389,15-Apr-2026,Environment and Water,National Parks and Wildlife Service,DEW.Procurement@sa.gov.au,Fencing Construction in support of the Chowilla feral pig eradication program,Construction,New requirement,Direct Approach,Email,Certain,20-Apr-26,Initiating
PAR27382,15-Apr-2026,Education,Schools and Preschools,Education.ProcurementUnit@sa.gov.au,Anangu Educator Professional Development,Advisory and Consultancy Services,New requirement,Direct Approach,Other,Almost Certain,18-May-26,Acquisition Planning
PAR27377,15-Apr-2026,Office of the Chief Information Officer,Across Government Infrastructure and Service Delivery,OCIOProcurementContracts@sa.gov.au,SolarWinds Licensing Renewal,ICT Software and Technology,New requirement,Direct Approach,Email,Almost Certain,04-May-26,Initiating
PAR27376,15-Apr-2026,State Development,Portfolio Delivery,dsd.procurement@sa.gov.au,Employee Assistance Program Services,Human Resources and Staffing,Secondary procurement process,Limited,Email,Almost Certain,25-May-26,Acquisition Planning
PAR27371,15-Apr-2026,Housing and Urban Development,Office of the Registrar-General,DHUD.Procurement@sa.gov.au ,ICT Compliance Audits of Service Provider,ICT Software and Technology,Secondary procurement process,Limited,Email,Probable,16-Jul-26,Initiating
PAR27367,14-Apr-2026,Correctional Services,Aboriginal Services Directorate,lachlan.mills@sa.gov.au,Living Skills and Pathways program delivery,Other,New requirement,Direct Approach,Email,Certain,11-May-26,Initiating
PAR27366,14-Apr-2026,Infrastructure and Transport,Infrastructure,dit.goodsandservices@sa.gov.au,St Leonards Primary School (Gymnasium),,New requirement,,,Almost Certain,24-Jun-26,Initiating
PAR27365,14-Apr-2026,Infrastructure and Transport,Infrastructure,dit.goodsandservices@sa.gov.au,St Leonards Primary School (Gymnasium),,New requirement,,,Probable,23-Apr-26,Initiating
PAR27364,14-Apr-2026,Infrastructure and Transport,Infrastructure,dit.goodsandservices@sa.gov.au,St Leonards Primary School (Gymnasium),,New requirement,,,Probable,30-Apr-26,Initiating
PAR27363,14-Apr-2026,Infrastructure and Transport,Infrastructure,dit.goodsandservices@sa.gov.au,Kidman Park Primary School (Gymnasium),,New requirement,,,Probable,30-Apr-26,Initiating
PAR27362,14-Apr-2026,Infrastructure and Transport,Infrastructure,dit.goodsandservices@sa.gov.au,Kidman Park Primary School (Gymnasium),,New requirement,,,Probable,15-Jun-26,Initiating
PAR27361,14-Apr-2026,Infrastructure and Transport,Infrastructure,dit.goodsandservices@sa.gov.au,Kidman Park Primary School (Gymnasium),,New requirement,,,Probable,23-Jun-26,Initiating
PAR27360,14-Apr-2026,Infrastructure and Transport,Infrastructure,dit.goodsandservices@sa.gov.au,Colonel Light Gardens (Gymnasium),,New requirement,,,Probable,26-Apr-26,Initiating
PAR27359,14-Apr-2026,Infrastructure and Transport,Infrastructure,dit.goodsandservices@sa.gov.au,Colonel Light Gardens (Gymnasium),,New requirement,,,Almost Certain,20-Apr-26,Initiating
PAR27358,14-Apr-2026,Infrastructure and Transport,Infrastructure,dit.goodsandservices@sa.gov.au,Colonel Light Gardens (Gymnasium),,New requirement,,,Almost Certain,23-Jun-26,Initiating
PAR27357,14-Apr-2026,Infrastructure and Transport,Infrastructure,dit.goodsandservices@sa.gov.au,Brighton Primary School (Gymnasium),,New requirement,,,Probable,12-May-26,Initiating
PAR27356,14-Apr-2026,Infrastructure and Transport,Infrastructure,dit.goodsandservices@sa.gov.au,Brighton Primary School (Gymnasium),,New requirement,Open,SA Tenders and Contracts,Probable,22-Jun-26,Initiating
PAR27354,14-Apr-2026,Infrastructure and Transport,Infrastructure,dit.goodsandservices@sa.gov.au,Brighton Primary School (Gymnasium),,New requirement,Open,SA Tenders and Contracts,Probable,20-Jul-26,Initiating
PAR27353,14-Apr-2026,Infrastructure and Transport,Infrastructure,dit.goodsandservices@sa.gov.au,Kapunda High School,,New requirement,Open,SA Tenders and Contracts,Almost Certain,24-Jun-26,Initiating
PAR27352,14-Apr-2026,Infrastructure and Transport,Infrastructure,dit.goodsandservices@sa.gov.au,Kapunda High School,,New requirement,Open,SA Tenders and Contracts,Almost Certain,22-Apr-26,Initiating
PAR27351,14-Apr-2026,Infrastructure and Transport,Infrastructure,dit.goodsandservices@sa.gov.au,Kapunda High School,,New requirement,Open,SA Tenders and Contracts,Probable,22-Apr-26,Initiating
PAR27349,14-Apr-2026,Infrastructure and Transport,Infrastructure,dit.goodsandservices@sa.gov.au,Jervois Primary School,,New requirement,,,Almost Certain,24-Jun-26,Initiating
PAR27348,14-Apr-2026,Infrastructure and Transport,Infrastructure,dit.goodsandservices@sa.gov.au,Jervois Primary School,,New requirement,,,Almost Certain,24-Jun-26,Initiating
PAR27347,14-Apr-2026,Infrastructure and Transport,Infrastructure,dit.goodsandservices@sa.gov.au,Charles Campbell College,,New requirement,Open,SA Tenders and Contracts,Almost Certain,17-Jun-26,Initiating
PAR27346,14-Apr-2026,Infrastructure and Transport,Infrastructure,dit.goodsandservices@sa.gov.au,Charles Campbell Collage,,New requirement,,,Almost Certain,24-Jun-26,Initiating
PAR27345,14-Apr-2026,Infrastructure and Transport,Infrastructure,dit.goodsandservices@sa.gov.au,Para Hills High School ,,New requirement,Open,SA Tenders and Contracts,Almost Certain,24-Jun-26,Initiating
PAR27344,14-Apr-2026,Infrastructure and Transport,Infrastructure,dit.goodsandservices@sa.gov.au,Para Hills High School ,,New requirement,Open,SA Tenders and Contracts,Almost Certain,30-Apr-26,Initiating
PAR27343,14-Apr-2026,Infrastructure and Transport,Infrastructure,dit.goodsandservices@sa.gov.au,Unley Park Primary School,,New requirement,Open,SA Tenders and Contracts,Almost Certain,30-Apr-26,Initiating
PAR27342,14-Apr-2026,Infrastructure and Transport,Infrastructure,dit.goodsandservices@sa.gov.au,Unley Park Primary School,,New requirement,,,Probable,16-Apr-26,Initiating
PAR27341,14-Apr-2026,Infrastructure and Transport,Infrastructure,dit.goodsandservices@sa.gov.au,Golden Grove High (and Gleeson),,New requirement,,,Probable,20-Apr-26,Initiating
PAR27340,14-Apr-2026,Infrastructure and Transport,Infrastructure,dit.goodsandservices@sa.gov.au,Golden Grove High (and Gleeson),,New requirement,,,Probable,22-Apr-26,Initiating
PAR27339,14-Apr-2026,Infrastructure and Transport,Infrastructure,dit.goodsandservices@sa.gov.au,Golden Grove High (and Gleeson),,New requirement,Open,SA Tenders and Contracts,Probable,23-Jun-26,Initiating
PAR27338,14-Apr-2026,Infrastructure and Transport,Infrastructure,dit.goodsandservices@sa.gov.au,Sheidow Park Primary School,,New requirement,Open,SA Tenders and Contracts,Almost Certain,21-May-26,Initiating
PAR27337,14-Apr-2026,Infrastructure and Transport,Infrastructure,dit.goodsandservices@sa.gov.au,Sheidow Park Primary School,,New requirement,Open,SA Tenders and Contracts,Almost Certain,23-Jul-26,Initiating
PAR27335,14-Apr-2026,Infrastructure and Transport,Infrastructure,dit.goodsandservices@sa.gov.au,Sheidow Park Primary School,,New requirement,,,Probable,16-Jul-26,Initiating
PAR27334,14-Apr-2026,Infrastructure and Transport,Infrastructure,dit.goodsandservices@sa.gov.au,Kilkenny Primary School,,New requirement,Open,SA Tenders and Contracts,Probable,30-Jun-26,Initiating
PAR27333,14-Apr-2026,Infrastructure and Transport,Infrastructure,dit.goodsandservices@sa.gov.au,Kilkenny Primary School,,New requirement,Open,SA Tenders and Contracts,Probable,,Initiating
PAR27332,14-Apr-2026,Infrastructure and Transport,Infrastructure,dit.goodsandservices@sa.gov.au,Kilkenny Primary School ,,New requirement,,,,,Initiating
PAR27331,14-Apr-2026,Infrastructure and Transport,Infrastructure,dit.goodsandservices@sa.gov.au,Jamestown Capital Works Program,,New requirement,,,,,Initiating
PAR27330,14-Apr-2026,Infrastructure and Transport,Infrastructure,dit.goodsandservices@sa.gov.au,Jamestown Capital Works Program,,New requirement,,,,,Initiating
PAR27329,14-Apr-2026,Primary Industries and Regions,Biosecurity,pirsa.procurement@sa.gov.au,Supply of Droppers and Chicken Netting for flooding,,New requirement,,,Probable,28-Apr-26,Initiating
PAR27328,14-Apr-2026,Infrastructure and Transport,Infrastructure,dit.goodsandservices@sa.gov.au,Feeling Capital Works Program,,New requirement,,,,,Initiating
PAR27327,14-Apr-2026,Central Adelaide Local Health Network,Office of CEO,anoop.mammen@sa.gov.au,Leadership Space - Workshops,Human Resources and Staffing,New requirement,Direct Approach,Email,Certain,20-Apr-26,Initiating
PAR27326,14-Apr-2026,Infrastructure and Transport,Infrastructure,dit.goodsandservices@sa.gov.au,Feeling Capital Works Program,,New requirement,,,,,Initiating
PAR27324,14-Apr-2026,Infrastructure and Transport,Infrastructure,dit.goodsandservices@sa.gov.au,Freeling Capital Works Program,,New requirement,,,,,Initiating
PAR27323,14-Apr-2026,Infrastructure and Transport,Infrastructure,dit.goodsandservices@sa.gov.au,Riverton and District High School Capital Works Program,,New requirement,,,,,Initiating
PAR27322,14-Apr-2026,Infrastructure and Transport,Infrastructure,dit.goodsandservices@sa.gov.au,Riverton and District High School Capital Works Program,,New requirement,,,,,Initiating
PAR27321,14-Apr-2026,Central Adelaide Local Health Network,Office of CEO,anoop.mammen@sa.gov.au,Transformational Leadership Workshop Program,Human Resources and Staffing,Recompete expiring contract,Direct Approach,Email,Certain,20-Apr-26,Initiating
PAR27320,14-Apr-2026,Infrastructure and Transport,Infrastructure,dit.goodsandservices@sa.gov.au,Berri Capital Works Program,,New requirement,,,,,Initiating
PAR27319,14-Apr-2026,Infrastructure and Transport,Infrastructure,dit.goodsandservices@sa.gov.au,Berri Capital Works Program,,New requirement,,,,,Initiating
PAR27317,14-Apr-2026,Infrastructure and Transport,Infrastructure,dit.goodsandservices@sa.gov.au,Berri Capital Works Program,,New requirement,,,,,Initiating
PAR27316,14-Apr-2026,Infrastructure and Transport,Infrastructure,dit.goodsandservices@sa.gov.au,Marryatville Capital Works Program,,New requirement,,,,,Initiating
PAR27315,14-Apr-2026,Infrastructure and Transport,Infrastructure,dit.goodsandservices@sa.gov.au,Marryatville Capital Works Program,,New requirement,,,,,Initiating
PAR27314,14-Apr-2026,Infrastructure and Transport,Infrastructure,dit.goodsandservices@sa.gov.au,Glenburne Capital Works Program,,New requirement,,,,,Initiating
PAR27313,14-Apr-2026,Infrastructure and Transport,Infrastructure,dit.goodsandservices@sa.gov.au,Glenburne Capital Works Program,,New requirement,,,,,Initiating
PAR27312,14-Apr-2026,Infrastructure and Transport,Infrastructure,dit.goodsandservices@sa.gov.au,Glenburne Capital Works Program,,New requirement,,,,,Initiating
PAR27311,14-Apr-2026,Infrastructure and Transport,Infrastructure,dit.goodsandservices@sa.gov.au,Plympton Capital Works Program,,New requirement,,,,,Initiating
PAR27309,14-Apr-2026,Infrastructure and Transport,Infrastructure,dit.goodsandservices@sa.gov.au,Plympton Capital Works Program,,New requirement,,,,,Initiating
PAR27308,14-Apr-2026,Infrastructure and Transport,Infrastructure,dit.goodsandservices@sa.gov.au,Plympton Capital Works Program,,New requirement,,,,,Initiating
PAR27307,14-Apr-2026,Infrastructure and Transport,People and Corporate Services - Information Services,dit.goodsandservices@sa.gov.au,Cyber Security - Application control software,ICT Software and Technology,New requirement,Open,SA Tenders and Contracts,Certain,15-Jul-26,Initiating
PAR27305,14-Apr-2026,Infrastructure and Transport,Transport Strategy and Planning,DIT.sstenders@sa.gov.au,LEDS and Smart LEDS Rollout Plan,Construction,New requirement,Limited,Email,Possible,27-Jul-26,Initiating
PAR27302,14-Apr-2026,Central Adelaide Local Health Network,Operations and  Performance,joy.chibuoke@sa.gov.au,Digital Platform to Support Endoscopic Services,ICT Software and Technology,Recompete expiring contract,Open,SA Tenders and Contracts,Almost Certain,13-Jul-26,Initiating
PAR27299,13-Apr-2026,Green Industries SA,Policy and Evaluation,DEW.Procurement@sa.gov.au,Commercial & Industrial Waste Audit ,Advisory and Consultancy Services,New requirement,Limited,Email,Almost Certain,03-Aug-26,Initiating
PAR27296,13-Apr-2026,Infrastructure and Transport,,DIT.sstenders@sa.gov.au,Gawler Ranges - Heritage advisory Services,,New requirement,Direct Approach,Email,Certain,13-Apr-26,Initiating
PAR27293,13-Apr-2026,Human Services,Community and Partnerships - Community Programs and Partnerships (DHS > ESI > CP > CPP),dhsprocurementcontracts@sa.gov.au,Port Lincoln Night Bus Service,Healthcare and Community Services,Recompete expiring contract,Direct Approach,,Probable,25-May-26,Acquisition Planning
PAR27292,13-Apr-2026,Legal Services Commission of South Australia,Information Communication Technology (ICT),procurement@lsc.sa.gov.au,Video Conferencing Upgrade,ICT Software and Technology,New requirement,Limited,Email,Almost Certain,24-Apr-26,Acquisition Planning
PAR27291,13-Apr-2026,Legal Services Commission of South Australia,Information Communication Technology (ICT),procurement@lsc.sa.gov.au,Storage Expansion,ICT Software and Technology,New requirement,Limited,Email,Almost Certain,17-Apr-26,Acquisition Planning
PAR27290,13-Apr-2026,Legal Services Commission of South Australia,Information Communication Technology (ICT),procurement@lsc.sa.gov.au,Edge Network Equipment,ICT Software and Technology,New requirement,Limited,Email,Almost Certain,17-Apr-26,Acquisition Planning
PAR27283,10-Apr-2026,Legal Services Commission of South Australia,Information Communication Technology (ICT),procurement@lsc.sa.gov.au,Microsoft Licences and Support Renewal,ICT Software and Technology,Recompete expiring contract,Direct Approach,Email,Probable,15-May-26,Released to Market
PAR27282,10-Apr-2026,Housing Trust,Finance and Partnerships,housingprocurement@sa.gov.au,Rent to Own Real Estate Services,Other,New requirement,Open,SA Tenders and Contracts,Possible,30-Jun-26,Acquisition Planning
PAR27281,10-Apr-2026,Limestone Coast Landscape Board,,le-anne.thomson@sa.gov.au,Provision of regulator gates for Karst Springs property,Environmental,New requirement,Direct Approach,Email,Almost Certain,11-May-26,Initiating
PAR27279,10-Apr-2026,Central Adelaide Local Health Network,Finance and Business Services,anoop.mammen@sa.gov.au,CALHN Project Management Services,Advisory and Consultancy Services,New requirement,Limited,Email,Almost Certain,20-Apr-26,Initiating
PAR27275,10-Apr-2026,Renewal SA,Sales and Corporate Affairs,ryan.dienhoff@sa.gov.au,"Commercial Sales Agent, Tapangka",Advisory and Consultancy Services,New requirement,Limited,SA Tenders and Contracts,Almost Certain,27-Apr-26,Initiating
PAR27274,10-Apr-2026,Health and Wellbeing,Digital Health SA,umar.khan2@sa.gov.au,"New Mount Barker Hospital Network Detailed Design, Installation and Commissioning",ICT Software and Technology,Secondary procurement process,Limited,Email,Possible,13-Apr-26,Initiating
PAR27272,09-Apr-2026,Primary Industries and Regions,Biosecurity,pirsa.procurement@sa.gov.au,Freight for Biosecurity requirements,,New requirement,,,Probable,01-Jul-26,Initiating
PAR27271,09-Apr-2026,Central Adelaide Local Health Network,Operations and Performance,joy.chibuoke@sa.gov.au,Quality Management Software,ICT Software and Technology,New requirement,Open,SA Tenders and Contracts,Probable,29-May-26,Initiating
PAR27270,09-Apr-2026,Infrastructure and Transport,Public Transport SA - Asset Management,dit.goodsandservices@sa.gov.au,Fleet Management and Driver Control Unit Replacement,"Transportation, logistics, mail services and warehousing",New requirement,Open,SA Tenders and Contracts,Probable,01-Sep-26,Initiating
PAR27268,09-Apr-2026,Office of the Chief Information Officer,Office for Cyber Security,OCIOProcurementContracts@sa.gov.au,South Australian Threat Hunting Framework (SATF),ICT Software and Technology,New requirement,Direct Approach,Other,Probable,01-May-26,Initiating
PAR27267,09-Apr-2026,SAFECOM,CFS,cfs.procurement@eso.sa.gov.au,Site contamination auditor services,Advisory and Consultancy Services,New requirement,Direct Approach,Email,Certain,31-May-26,Acquisition Planning
PAR27265,09-Apr-2026,Treasury and Finance,Information & Technology,dtfprocurementservices@sa.gov.au,"STAR Modernisation – Discovery, Design and Build",ICT Software and Technology,New requirement,Limited,SA Tenders and Contracts,Possible,03-Aug-26,Initiating
PAR27264,09-Apr-2026,Education,Office for Early Childhood Development,Education.ProcurementUnit@sa.gov.au,Strategic Procurement Support and Advisory				,Advisory and Consultancy Services,New requirement,Limited,SA Tenders and Contracts,Probable,01-Jul-26,Acquisition Planning
PAR27263,09-Apr-2026,Health and Wellbeing,,rachel.sharp@sa.gov.au,New WCH Completion Manager,Advisory and Consultancy Services,New requirement,,,Possible,04-May-26,Initiating
PAR27249,08-Apr-2026,Infrastructure and Transport,Transport Strategy and Planning,DIT.sstenders.sa.gov.au,Inspection and assessment of Paringa Bridge Lift Span (17C811),Construction,New requirement,Limited,Email,Certain,30-Jul-26,Initiating
PAR27248,08-Apr-2026,Infrastructure and Transport,Transport Strategy and Planning,DIT.sstenders@sa.gov.au,Inspection of Structural Assets - Various Sites - Rural (17C811) ,Construction,New requirement,Limited,Email,Certain,30-Jul-26,Initiating
PAR27247,08-Apr-2026,Infrastructure and Transport,Transport Strategy and Planning,DIT.sstenders@sa.gov.au,Inspection of Structural Assets -Various Sites - Urban (17C811),Construction,New requirement,Limited,Email,Certain,30-Jul-26,Initiating
PAR27246,08-Apr-2026,Housing Trust,Finance and Partnerships,housingprocurement@sa.gov.au,Development of the Trust's Carbon Management Plan,Advisory and Consultancy Services,New requirement,Limited,Email,Almost Certain,07-May-26,Acquisition Planning
PAR27244,08-Apr-2026,Preventive Health SA,Partnerships,Preventivehealthsa.BusinessSystems@sa.gov.au,Review of Wellbeing Hubs and Regional Preventive Health Partnerships,Advisory and Consultancy Services,New requirement,Limited,Email,Certain,01-Jul-26,Initiating
PAR27241,07-Apr-2026,Human Services,Disability Services - Disability Services (DHS > DSS > DS > DS),dhsprocurementcontracts@sa.gov.au,Provision of Pharmacy Services DASS,Healthcare and Community Services,New requirement,Open,,Probable,31-May-26,Acquisition Planning
PAR27239,07-Apr-2026,Infrastructure and Transport,Public Affairs,dit.goodsandservices@sa.gov.au,THINK! Road Safety Bike,Communications and Marketing,New requirement,Limited,SA Tenders and Contracts,Almost Certain,07-Jul-26,Acquisition Planning
PAR27238,07-Apr-2026,Energy and Mining,Office of Northern Water Delivery,dem.procurement@sa.gov.au,Regulatory advisory services,Other,New requirement,,,Probable,23-Nov-26,Initiating
PAR27237,07-Apr-2026,Human Services,Office for Ageing Well (DHS > ADPS > OAW),dhsprocurementcontracts@sa.gov.au,Retirement Villages Residents Advocacy and Dispute Resolution Service,Healthcare and Community Services,New requirement,Limited,SA Tenders and Contracts,Probable,01-Jul-26,Acquisition Planning
PAR27236,07-Apr-2026,Human Services,Disability Services - Disability Services (DHS > DSS > DS > DS),dhsprocurementcontracts@sa.gov.au,Agency Nursing - Northgate,Healthcare and Community Services,Recompete expiring contract,Open,SA Tenders and Contracts,Probable,01-Jan-27,Acquisition Planning
PAR27233,07-Apr-2026,Attorney General's,Aboriginal Affairs & Reconciliation,sandra.falso@sa.gov.au,CTG Implementation Plan,Other,New requirement,Direct Approach,Email,Certain,31-Aug-26,Acquisition Planning
PAR27232,04-Apr-2026,Renewal SA,,andrew.bishop@sa.gov.au,Harts Mill Heritage Archiectural & Urban Planning Advice,Advisory and Consultancy Services,New requirement,Limited,SA Tenders and Contracts,Almost Certain,08-Apr-26,Initiating
PAR27230,02-Apr-2026,Health and Wellbeing,Digital Health SA,umar.khan2@sa.gov.au,"FMC ASB Low Level Network Design, Network Installation and Commissioning Procurement",ICT Software and Technology,New requirement,Limited,Email,Possible,24-Apr-26,Initiating
PAR27216,02-Apr-2026,Education,Support and Inclusion,Education.ProcurementUnit@sa.gov.au,Wellbeing Programs Directory - Supplementation 2026				,,New requirement,Open,SA Tenders and Contracts,Certain,31-Aug-26,Initiating
PAR27211,01-Apr-2026,SA Police,Business Service,SAPOL.PCMSB@police.sa.gov.au,20 Year Infrastructure and Assets Implementation Plan,ICT Software and Technology,New requirement,Open,,Almost Certain,01-May-26,Acquisition Planning
PAR27210,01-Apr-2026,SA Police,Information Systems & Technology,SAPOL.PCMSB@police.sa.gov.au,F5 to Citrix Migration,ICT Software and Technology,New requirement,Open,,Almost Certain,01-May-26,Acquisition Planning
PAR27209,01-Apr-2026,SA Police,Information Systems & Technology,SAPOL.PCMSB@police.sa.gov.au,PSU Azure Cloud Implementation Services,ICT Software and Technology,New requirement,Open,,Almost Certain,01-May-26,Acquisition Planning
PAR27208,01-Apr-2026,Education,Curriculum and Learning,Education.ProcurementUnit@sa.gov.au,Supplier of merchandise for School Sport SA events,Other,Recompete expiring contract,Open,SA Tenders and Contracts,Certain,03-Jul-26,Acquisition Planning
PAR27207,31-Mar-2026,Environment and Water,National Parks and Public Lands,DEW.Procurement@sa.gov.au,Fencing materials in support of the Chowilla feral pig eradication program ,Environmental,New requirement,Limited,Email,Certain,07-Apr-26,Initiating
PAR27206,31-Mar-2026,Infrastructure and Transport,Commercial and Contract Management,dit.goodsandservices@sa.gov.au,Andrews Road and Petherton Road Intersection Upgrade,,New requirement,,,Almost Certain,05-Nov-26,Initiating
PAR27204,31-Mar-2026,Health and Wellbeing,Procurement and Supply Chain Management,denzyl.sardinha@sa.gov.au,"Nutritional Support Products, Feeding Equipment & Associated Consumables",Healthcare and Community Services,Recompete expiring contract,Open,SA Tenders and Contracts,Probable,28-Jul-26,Initiating
PAR27203,31-Mar-2026,Infrastructure and Transport,Infrastructure Delivery - Building Projects,DIT.FutureBuildingTenders@sa.gov.au,Elizabeth Downs (Taparra) Preschool New Work - General Building Contractor,Construction,New requirement,Limited,SA Tenders and Contracts,Possible,30-Mar-27,Initiating
PAR27202,31-Mar-2026,Infrastructure and Transport,Infrastructure Delivery - Building Projects,DIT.FutureBuildingTenders@sa.gov.au,Virginia Preschool New Work - General Building Contractor,Construction,New requirement,Limited,SA Tenders and Contracts,Possible,30-Mar-27,Initiating
PAR27195,31-Mar-2026,Infrastructure and Transport,Infrastructure Delivery - Building Projects,DIT.FutureBuildingTenders@sa.gov.au,Para Vista Kindergarten Integrated Hub Expansion - General Building Contractor,Construction,New requirement,Limited,SA Tenders and Contracts,Possible,30-Mar-27,Initiating
PAR27187,31-Mar-2026,Human Services,Youth Justice and Inclusion Support - Kurlana Tapa Youth Justice Centre  (DHS > CAP > YJIS > KT),dhsprocurementcontracts@sa.gov.au,Provision of Pharmacy Services at Kurlana Tapa,Healthcare and Community Services,Recompete expiring contract,Limited,,Probable,30-Apr-26,Acquisition Planning
PAR27183,30-Mar-2026,Infrastructure and Transport,Infrastructure Delivery - Building Projects,DIT.FutureBuildingTenders@sa.gov.au,Elizabeth East Kindergarten Redevelopment - General Building Contractor,Construction,New requirement,Limited,SA Tenders and Contracts,Possible,30-Mar-27,Initiating
PAR27182,30-Mar-2026,Infrastructure and Transport,Infrastructure Delivery - Building Projects,DIT.FutureBuildingTenders@sa.gov.au,Salisbury North Preschool New Work - General Building Contractor,Construction,New requirement,Limited,SA Tenders and Contracts,Possible,30-Mar-27,Initiating
PAR27181,30-Mar-2026,Infrastructure and Transport,Infrastructure Delivery - Building Projects,DIT.FutureBuildingTenders@sa.gov.au,Blakeview Preschool Redevelopment - General Building Contractor,Construction,New requirement,Limited,SA Tenders and Contracts,Possible,30-Mar-27,Initiating
PAR27180,30-Mar-2026,Infrastructure and Transport,Infrastructure Delivery - Building Projects,DIT.FutureBuildingTenders@sa.gov.au,Pooraka Community Kindergarten Redevelopment - General Building Contractor,Construction,New requirement,Limited,SA Tenders and Contracts,Possible,30-Mar-27,Initiating
PAR27179,30-Mar-2026,Infrastructure and Transport,Infrastructure Delivery - Building Projects,DIT.FutureBuildingTenders@sa.gov.au,Munno Para Preschool New Work - General Building Contractor,Construction,New requirement,Limited,SA Tenders and Contracts,Possible,30-Mar-27,Initiating
PAR27178,30-Mar-2026,Infrastructure and Transport,Infrastructure Delivery - Building Projects,DIT.FutureBuildingTenders@sa.gov.au,Melaleuca Park Kindergarten Integrated Hub Expansion - General Building Contractor,Construction,New requirement,Limited,SA Tenders and Contracts,Possible,22-Mar-27,Initiating
PAR27175,30-Mar-2026,Adelaide Venue Management Corporation,Information Technology & Communications (ICT),tenders@avmc.com.au,Signal Distribution Upgrade - Network Switches,ICT Software and Technology,New requirement,Limited,SA Tenders and Contracts,Almost Certain,30-Mar-26,Initiating
PAR27174,30-Mar-2026,Education,Schools and Preschools,Education.ProcurementUnit@sa.gov.au,Canteen Services - Adelaide Botanic High School,Facilities and Building Management,New requirement,Open,SA Tenders and Contracts,Certain,01-Jul-26,Acquisition Planning
PAR27172,30-Mar-2026,Preventive Health SA,South Australian Mental Health Commissioner,Preventivehealthsa.BusinessSystems@sa.gov.au,Tall Trees Digital Platform,ICT Software and Technology,New requirement,Limited,Email,Certain,05-Mar-26,Initiating
PAR27166,29-Mar-2026,Education,Information and Communication Technology Services,Education.ProcurementUnit@sa.gov.au,Forklift and stacker replacement				,,New requirement,Limited,SA Tenders and Contracts,Almost Certain,01-Jul-26,Initiating
PAR27158,27-Mar-2026,Health and Wellbeing,Digital Health SA,umar.khan2@sa.gov.au,Megaport Cloud Connectivity - 12‑Month Renewal ,ICT Software and Technology,Secondary procurement process,Limited,Email,Certain,01-Apr-26,Released to Market
PAR27155,27-Mar-2026,Primary Industries and Regions,SARDI,pirsa.procurement@sa.gov.au,Alarms and Advisory Detection Services ,,New requirement,,,Probable,28-Jun-26,Initiating
PAR27153,27-Mar-2026,Housing Trust,Major Projects and Housing Initiatives,housingprocurement@sa.gov.au,Camden Park Apartments - Stage 2 - Construction (D&C),Construction,New requirement,Open,SA Tenders and Contracts,Almost Certain,20-Oct-26,Acquisition Planning
PAR27152,27-Mar-2026,Housing Trust,Major Projects and Housing Initiatives,housingprocurement@sa.gov.au,Camden Park Apartments - Stage 2 - Structural/Civil Engineering Services,Construction,New requirement,Limited,SA Tenders and Contracts,Almost Certain,15-Apr-26,Acquisition Planning
PAR27151,27-Mar-2026,Housing Trust,Major Projects and Housing Initiatives,housingprocurement@sa.gov.au,Camden Park Apartments - Stage 2 - Building Engineering Services,Construction,New requirement,Limited,SA Tenders and Contracts,Almost Certain,15-Apr-26,Acquisition Planning
PAR27150,27-Mar-2026,Housing Trust,Major Projects and Housing Initiatives,housingprocurement@sa.gov.au,Camden Park Apartments - Stage 2 - Architectural Services,Construction,New requirement,Limited,SA Tenders and Contracts,Almost Certain,15-Apr-26,Acquisition Planning
PAR27149,27-Mar-2026,Housing Trust,Major Projects and Housing Initiatives,housingprocurement@sa.gov.au,Camden Park Apartments - Stage 2 - Project Management Services,Construction,New requirement,Limited,SA Tenders and Contracts,Almost Certain,15-Apr-26,Acquisition Planning
PAR27148,27-Mar-2026,Housing Trust,Major Projects and Housing Initiatives,housingprocurement@sa.gov.au,Seaton Apartment Packages - Construction ,Construction,New requirement,Open,SA Tenders and Contracts,Almost Certain,21-Oct-26,Acquisition Planning
PAR27147,27-Mar-2026,Housing Trust,Major Projects and Housing Initiatives,housingprocurement@sa.gov.au,Seaton Apartment Packages - Structural & Civil Engineering Services,Construction,New requirement,Limited,SA Tenders and Contracts,Almost Certain,15-Apr-26,Acquisition Planning
PAR27146,27-Mar-2026,Housing Trust,Major Projects and Housing Initiatives,housingprocurement@sa.gov.au,Seaton Apartment Packages - Building Engineering Services,Construction,New requirement,Limited,SA Tenders and Contracts,Almost Certain,15-Apr-26,Acquisition Planning
PAR27139,26-Mar-2026,Infrastructure and Transport,"Transport Policy and Regulation – Road Safety, Policy and Reform",dit.goodsandservices@sa.gov.au,Privacy Impact Assessment for Face Verification Service  ,Advisory and Consultancy Services,New requirement,Direct Approach,Email,Certain,29-May-26,Released to Market
PAR27135,26-Mar-2026,Housing Trust,Major Projects and Housing Initiatives,housingprocurement@sa.gov.au,Seaton Apartment Packages - Project Management Services,Construction,New requirement,Limited,SA Tenders and Contracts,Almost Certain,28-May-26,Acquisition Planning
PAR27131,26-Mar-2026,TAFE SA,Operations - Facilities & Projects,adminprocurement@tafesa.edu.au,Equipment Hire,,New requirement,,,Possible,30-Sep-26,Initiating
PAR27121,26-Mar-2026,Primary Industries and Regions,Corporate Services,pirsa.procurement@sa.gov.au,Media Monitoring Services,,Recompete expiring contract,,,Almost Certain,16-Apr-26,Initiating
PAR27120,26-Mar-2026,Infrastructure and Transport,Infrastructure,dit.goodsandservices@sa.gov.au,2026-27 Capital Works Program,,New requirement,,,,,Initiating
PAR27117,26-Mar-2026,Infrastructure and Transport,Infrastructure Delivery - Building Projects,DIT.FutureBuildingTenders@sa.gov.au,Para Vista Kindergarten Integrated Hub Expansion - Lead Professional Services Contractor (Architecture) ,Construction,New requirement,Limited,SA Tenders and Contracts,Possible,28-Apr-26,Initiating
PAR27115,26-Mar-2026,Correctional Services,Security & Emergency Management Group,john.peake@sa.gov.au,Drone Detection Service,Other,Recompete expiring contract,Limited,SA Tenders and Contracts,Probable,01-Jun-26,Released to Market
PAR27114,26-Mar-2026,Education,Curriculum and Learning,Education.ProcurementUnit@sa.gov.au,Printing Services for English and Literacy Team,Communications and Marketing,New requirement,Limited,SA Tenders and Contracts,Certain,01-Jul-26,Acquisition Planning
PAR27112,25-Mar-2026,Infrastructure and Transport,Infrastructure Delivery - Building Projects,DIT.FutureBuildingTenders@sa.gov.au,Para Vista Kindergarten Integrated Hub Expansion - Cost Manager,Construction,New requirement,Limited,SA Tenders and Contracts,Possible,28-Apr-26,Initiating
PAR27109,25-Mar-2026,Courts Administration,Corporate Services,contract_.procurement@courts.sa.gov.au,Carbon Management Plan,Advisory and Consultancy Services,New requirement,,,Possible,26-Jun-26,Initiating
PAR27108,25-Mar-2026,Courts Administration,Corporate Services,contract_.procurement@courts.sa.gov.au,Service Model Review - Court Transcription Services,Advisory and Consultancy Services,New requirement,,,Probable,01-Apr-26,Initiating
PAR27106,25-Mar-2026,Treasury and Finance,Shared Services SA,dtfprocurementservices@sa.gov.au,Automated Reconciliation Software,ICT Software and Technology,Recompete expiring contract,Direct Approach,Email,Certain,28-Jan-27,Initiating
PAR27105,25-Mar-2026,State Development,Trade and International,dsd.procurement@sa.gov.au,UK Market Activation - SA Wine,Communications and Marketing,New requirement,,,Certain,30-May-26,Initiating
PAR27104,25-Mar-2026,State Development,Trade and International,dsd.procurement@sa.gov.au,International Market Activation,Communications and Marketing,New requirement,,,Possible,07-Jul-27,Initiating
PAR27103,25-Mar-2026,State Development,Trade and International,dsd.procurement@sa.gov.au,International Market Activation,,New requirement,,,Possible,08-Dec-26,Initiating
PAR27101,25-Mar-2026,Environment and Water,Water and River Murray,DEW.Procurement@sa.gov.au,Coorong Infrastructure Investigations Project - Design (Owner’s Engineer Services),Other,New requirement,Open,SA Tenders and Contracts,Almost Certain,04-May-26,Acquisition Planning
PAR27099,25-Mar-2026,Treasury and Finance,Strategic Policy and Data Analytics,dtfprocurementservices@sa.gov.au,Technological Solutions to Support response to RC into DFSV,Advisory and Consultancy Services,New requirement,Limited,Email,Probable,22-May-26,Initiating
PAR27098,24-Mar-2026,Human Services,Remote and Regional Service Development (DHS > CAP > RRSD),dhsprocurementcontracts@sa.gov.au,Davenport Community Support Program,Healthcare and Community Services,New requirement,Direct Approach,,Probable,06-May-26,Acquisition Planning
PAR27095,24-Mar-2026,Human Services,Community and Partnerships - Community Programs and Partnerships (DHS > ESI > CP > CPP),dhsprocurementcontracts@sa.gov.au,Financial Wellbeing Program Capacity Building Partners,Healthcare and Community Services,New requirement,Direct Approach,,Probable,01-Jun-26,Acquisition Planning
PAR27094,24-Mar-2026,Human Services,Screening Transformation (DHS > FDCS > ST),dhsprocurementcontracts@sa.gov.au,Screening Transformation Continuous Monitoring Project - Data Warehouse,Healthcare and Community Services,New requirement,Direct Approach,,Probable,01-Oct-26,Acquisition Planning
PAR27088,24-Mar-2026,Environment and Water,National Parks and Public Lands,DEW.Procurement@sa.gov.au,Stone Wall Conservation Works Phase 2,Facilities and Building Management,New requirement,Direct Approach,Email,Certain,24-Mar-26,Initiating
PAR27087,24-Mar-2026,Southern Adelaide Local Health Network,Flinders Medical Centre - Birth & Assessment Suite ,shanthy.sriskandarajah@sa.gov.au,FMC Analgesic Devices,Healthcare and Community Services,New requirement,Limited,Email,Almost Certain,06-Apr-26,Initiating
PAR27086,24-Mar-2026,Education,Curriculum and Learning,Education.ProcurementUnit@sa.gov.au,Mathematics Professional Learning				,,Recompete expiring contract,Direct Approach,Email,Possible,25-Jun-26,Initiating
PAR27085,24-Mar-2026,Infrastructure and Transport,Commercial and Contract Management,dit.goodsandservices@sa.gov.au,Estimating Services,,New requirement,,,,07-Jun-26,Initiating
PAR27084,24-Mar-2026,Infrastructure and Transport,Commercial and Contract Management,dit.goodsandservices@sa.gov.au,Estimating Services,,New requirement,,,,,Initiating
PAR27083,24-Mar-2026,Infrastructure and Transport,Commercial and Contract Management,dit.goodsandservices@sa.gov.au,Estimating Services,,New requirement,,,,07-Jun-26,Initiating
PAR27082,24-Mar-2026,Infrastructure and Transport,Commercial and Contract Management,dit.goodsandservices@sa.gov.au,Estimating Services,,New requirement,,,,07-Jun-26,Initiating
PAR27081,23-Mar-2026,Environment and Water,Biodiversity and Nature Economy,DEW.Procurement@sa.gov.au,Adelaide Metro Beaches (AMB) Wrack Management Plan Stage 2 Monitoring,Environmental,New requirement,Limited,Email,Probable,15-Jun-26,Initiating
PAR27078,23-Mar-2026,SA Police,Business Service,SAPOL.PCMSB@police.sa.gov.au,General Building Civil Works,Construction,New requirement,Open,SA Tenders and Contracts,Certain,20-Apr-26,Acquisition Planning
PAR27074,23-Mar-2026,Human Services,Community and Partnerships - Community Programs and Partnerships (DHS > ESI > CP > CPP),dhsprocurementcontracts@sa.gov.au,Leadership Group and School Holiday Activities,Healthcare and Community Services,Recompete expiring contract,Direct Approach,,Probable,20-Apr-26,Acquisition Planning
PAR27073,23-Mar-2026,Infrastructure and Transport,Infrastructure Delivery - Building Projects,DIT.FutureBuildingTenders@sa.gov.au,Carol Murray Children's Centre (Bordertown) New Work - General Building Contractor,Construction,New requirement,Limited,SA Tenders and Contracts,Possible,30-Mar-27,Initiating
PAR27071,23-Mar-2026,Infrastructure and Transport,Infrastructure Delivery - Building Projects,DIT.FutureBuildingTenders@sa.gov.au,Carol Murray Children's Centre (Bordertown) New Work - Cost Manager,Construction,New requirement,Limited,SA Tenders and Contracts,Possible,21-Apr-26,Acquisition Planning
PAR27070,23-Mar-2026,Primary Industries and Regions,SARDI,pirsa.procurement@sa.gov.au,High throughput ELISA based marine biotoxin analyser,,New requirement,,,Possible,25-May-26,Initiating
PAR27069,22-Mar-2026,Health and Wellbeing,Office of the Chief Pharmacist,Health.PSCMServicesTenders@sa.gov.au,"24-Hour Community Pharmacies - Adelaide Hills, Western Adelaide and North Eastern Adelaide",Healthcare and Community Services,New requirement,Open,SA Tenders and Contracts,Certain,23-Jun-26,Acquisition Planning
PAR27064,20-Mar-2026,Central Adelaide Local Health Network,Statewide Clinical Support Services (SCSS) - SA Pathology,leigh.cahill@sa.gov.au,Automated Pipetting System for SA Pathology,Healthcare and Community Services,New requirement,Limited,Email,Probable,01-May-26,Initiating
PAR27063,20-Mar-2026,SA Water,,Venkata.Pulipaka@sawater.com.au,"Provisioning, Implementation and Support of an IGA Solution",ICT Software and Technology,New Requirement,Open,SA Tenders and Contracts,Possible,24-Feb-26,Released to Market
PAR27056,20-Mar-2026,ForestrySA,Commercial,Contracts@forestrysa.com.au,Pano AI Camera,ICT Software and Technology,New requirement,Direct Approach,Email,Almost Certain,01-Jun-26,Acquisition Planning
PAR27054,19-Mar-2026,Education,Chief Operating Officer,Education.ProcurementUnit@sa.gov.au,Fire Suppression System Maintenance ,Other,New requirement,Open,SA Tenders and Contracts,Possible,07-Sep-26,Initiating
PAR27053,19-Mar-2026,Environment and Water,National Parks and Wildlife Service,DEW.Procurement@sa.gov.au,Mundoo Island Stage 1 Environmental Cleanup,Environmental,New requirement,Open,SA Tenders and Contracts,Certain,29-May-26,Acquisition Planning
PAR27049,19-Mar-2026,State Library of South Australia,Public Library Services,cathy.lewis2@sa.gov.au,Digital Library Material (DLC) Supply - South Australian Public Library Network Consortium,Healthcare and Community Services,New requirement,Open,SA Tenders and Contracts,Certain,19-Jun-26,Acquisition Planning
PAR27036,18-Mar-2026,Housing Trust,Portfolio Planning and Asset Management,housingprocurement@sa.gov.au,"Multiple Regional Sites - Port Augusta, Port Pirie, Risdon Park & Whyalla - Design and Construct",Construction,New requirement,Open,,Probable,03-Sep-26,Initiating
PAR27033,18-Mar-2026,Attorney General's,Public Safety Solutions ,amanda.simon@sa.gov.au,SPARAS Base Property Advisory,Advisory and Consultancy Services,New requirement,Limited,Email,Certain,07-Apr-26,Released to Market
PAR27032,18-Mar-2026,Treasury and Finance,Information and Technology,dtfprocurementservices@sa.gov.au,Super SA Member App,ICT Software and Technology,New requirement,Limited,Other,Almost Certain,30-Mar-26,Initiating
PAR27031,18-Mar-2026,Treasury and Finance,Information and Technology,dtfprocurementservices@sa.gov.au,Shared Services Network Switch Replacement,ICT Software and Technology,Secondary procurement process,Limited,Other,Certain,30-Mar-26,Initiating
PAR27029,18-Mar-2026,Central Adelaide Local Health Network,Statewide Clinical Support Services (SCSS) - SA Pathology,leigh.cahill@sa.gov.au,High Performance Compute Build for SA Pathology,ICT Software and Technology,New requirement,Open,SA Tenders and Contracts,Almost Certain,18-Jun-26,Initiating
PAR27028,18-Mar-2026,Infrastructure and Transport,Transport Strategy and Planning,DIT.sstenders@sa.gov.au,"Adelaide Road Junction Hawthorn Road and Pridmore Tce, Mount Barker - Traffic Signals",Construction,New requirement,Limited,Email,Probable,01-Apr-26,Initiating
PAR27026,18-Mar-2026,TAFE SA,Operations - Corporate Governance and Assurance,jamie.loprete@tafesa.edu.au,Close the Gap Initiatives,,New requirement,,,Possible,01-Jul-26,Initiating
PAR27025,18-Mar-2026,Human Services,Disability Services - Disability Services (DHS > DSS > DS > DS),dhsprocurementcontracts@sa.gov.au,Personal Support Workers - Metro and Regional,Healthcare and Community Services,New requirement,Open,,Probable,22-Apr-26,Acquisition Planning
PAR27023,18-Mar-2026,Correctional Services,Statewide Operations,belinda.hirschbichler@sa.gov.au,Forensic disability services,Healthcare and Community Services,New requirement,Limited,SA Tenders and Contracts,Probable,15-May-26,Initiating
PAR27020,18-Mar-2026,Education,Strategy and Performance,Education.ProcurementUnit@sa.gov.au,Wait Mate Program Evaluation				,Advisory and Consultancy Services,New requirement,Limited,SA Tenders and Contracts,Almost Certain,25-Jun-26,Acquisition Planning
PAR27017,17-Mar-2026,SAFECOM,SAFECOM,SAFECOM.Procurement@eso.sa.gov.au,Automatic Vehicle Location (AVL),ICT Software and Technology,Recompete expiring contract,,SA Tenders and Contracts,Possible,06-Jul-27,Acquisition Planning
PAR27015,17-Mar-2026,Environment and Water,National Parks and Wildlife Service,DEW.Procurement@sa.gov.au,PURCHASE OF ERADICAT® CAT BAITS FOR THE BOUNCEBACK PROGRAM ,Environmental,New requirement,Direct Approach,Email,Certain,08-Apr-26,Acquisition Planning
PAR27006,16-Mar-2026,SA Water,Technology - Supply Chain,Anil.Mohan@sawater.com.au,Microsoft Unified Enterprise Support,ICT Software and Technology,Recompete Expiring Contract,Direct Approach,Email,Possible,18-Mar-26,Initiating
PAR27005,16-Mar-2026,Infrastructure and Transport,Infrastructure Delivery - Building Projects,DIT.FutureBuildingTenders@sa.gov.au,Callington Primary School - Historic Mine Collapse Restoration GBC,Construction,Secondary procurement process,Limited,SA Tenders and Contracts,Probable,24-Aug-26,Initiating
PAR27004,16-Mar-2026,Infrastructure and Transport,Infrastructure Delivery - Building Projects,DIT.FutureBuildingTenders@sa.gov.au,Callington Primary School - Historic Mine Collapse Restoration CM,Construction,Secondary procurement process,Limited,SA Tenders and Contracts,Almost Certain,15-Apr-26,Initiating
PAR27003,16-Mar-2026,Housing Trust,Portfolio Planning and Asset Management,housingprocurement@sa.gov.au,"Woodville Gardens, Lot 101 Eighth Ave - Missing Middle Design and Construct",Construction,New requirement,Open,,Probable,03-Sep-26,Initiating
PAR27002,16-Mar-2026,Infrastructure and Transport,Infrastructure Delivery - Building Projects,DIT.FutureBuildingTenders@sa.gov.au,Callington Primary School - Historic Mine Collapse Restoration Lead PSC (Engineer),Construction,Secondary procurement process,Limited,SA Tenders and Contracts,Almost Certain,15-Apr-26,Initiating
PAR27001,16-Mar-2026,Infrastructure and Transport,People and Corporate Services - Information Services,dit.goodsandservices@sa.gov.au,Backup Replacement Project              ,ICT Software and Technology,New requirement,Limited,SA Tenders and Contracts,Almost Certain,16-Jun-26,Initiating
PAR26993,16-Mar-2026,SA Water,Supply chain,Carol.Wilson@sawater.com.au,Independent Third-Party Audit for the Adelaide Service Delivery Agreements,Advisory and Consultancy Services,Secondary Procurement Process,Direct Approach,Email,Possible,16-Mar-26,Initiating
PAR26987,13-Mar-2026,Education,Office for Early Childhood Development,Education.ProcurementUnit@sa.gov.au,Online Aboriginal Cultural Safety Training (ACST),Other,New requirement,Limited,Email,Certain,06-Mar-26,Acquisition Planning
PAR26986,13-Mar-2026,Housing and Urban Development,Land Administration - Geospatial Services,DHUD.Procurement@sa.gov.au ,AI Powered Planning Compliance Assistant,ICT Software and Technology,Secondary procurement process,Direct Approach,Other,Possible,15-Jun-26,Initiating
PAR26985,13-Mar-2026,Energy and Mining,Corporate and Commercial,dem.procurement@sa.gov.au,Soft FM Services,Facilities and Building Management,New requirement,Open,SA Tenders and Contracts,Certain,30-Sep-26,Initiating
PAR26984,13-Mar-2026,Education,Curriculum and Learning,Education.ProcurementUnit@sa.gov.au,Development of Professional Learning Modules for Respectful Relationships Education in Plink			,Advisory and Consultancy Services,New requirement,Limited,SA Tenders and Contracts,Certain,07-Aug-26,Acquisition Planning
PAR26979,12-Mar-2026,Renewal SA,Property & Major Projects - Thebarton,brittany.pfeffer@sa.gov.au,Southwark Civil and Landscape Superintendent and Contract Administration,Advisory and Consultancy Services,New requirement,Limited,,Certain,17-Mar-26,Initiating
PAR26972,12-Mar-2026,Office of the Chief Information Officer,Across Government Infrastructure and Service Delivery,OCIOProcurementContracts@sa.gov.au,Network Hardware and Services Maintenance ,ICT Software and Technology,Recompete expiring contract,Limited,Email,Almost Certain,12-Jun-26,Initiating
PAR26960,11-Mar-2026,Central Adelaide Local Health Network,Statewide Clinical Support Services (SCSS) - SA Pathology,ishari.jagoda@sa.gov.au,"Supply, Installation and Maintenance of a Cryostat Microtome",Healthcare and Community Services,Secondary procurement process,Limited,Email,Almost Certain,18-Mar-26,Initiating
PAR26959,11-Mar-2026,SA Police,Information Systems & Technology,SAPOL.PCMSB@police.sa.gov.au,Network / Firewall Support,ICT Software and Technology,New requirement,Open,,Almost Certain,01-Apr-26,Acquisition Planning
PAR26956,11-Mar-2026,Energy and Mining,Whyalla Steelworks Industry Transformation,dem.procurement@sa.gov.au,CCS Supply Chain Study,Research and Scientific,New requirement,Open,SA Tenders and Contracts,Probable,31-Mar-26,Released to Market
PAR26955,11-Mar-2026,SA Police,Security and Emergency Management Service,SAPOL.PCMSB@police.sa.gov.au,Call-taker Chairs - Communications Group,Office Equipment and Accessories and Supplies,New requirement,Open,,Almost Certain,01-Apr-26,Acquisition Planning
PAR26953,11-Mar-2026,SAFECOM,SES,SAFECOM.Procurement@eso.sa.gov.au,Vessel Tow Vehicles,Fleet and vehicles,New requirement,Open,SA Tenders and Contracts,Almost Certain,10-Jun-26,Initiating
PAR26952,11-Mar-2026,Human Services,Disability Services - Disability Services (DHS > DSS > DS > DS),dhsprocurementcontracts@sa.gov.au,Allied Health Contract for Northgate,Healthcare and Community Services,New requirement,Direct Approach,,Probable,31-Mar-26,Acquisition Planning
PAR26948,10-Mar-2026,Southern Adelaide Local Health Network,Flinders Eye Bank,shanthy.sriskandarajah@sa.gov.au,Eye Bank of South Australia Microkeratome System,Healthcare and Community Services,New requirement,Limited,Email,Almost Certain,16-Mar-26,Initiating
PAR26945,10-Mar-2026,State Development,"Industry, Innovation, and Small Business",dsd.procurement@sa.gov.au,Photography and filming of the SA Science Excellence and Innovation Awards finalists,Communications and Marketing,Secondary procurement process,Open,Email,Probable,01-Mar-27,Initiating
PAR26944,10-Mar-2026,State Development,"Industry, Innovation, and Small Business",dsd.procurement@sa.gov.au,Photography and filming of the SA Science Excellence and Innovation Awards finalists 2026,Communications and Marketing,Secondary procurement process,Limited,Email,Certain,10-Jun-26,Initiating
PAR26943,10-Mar-2026,Housing Trust,Portfolio Planning and Asset Management,housingprocurement@sa.gov.au,Woodville Park- Affordable Housing Initiative Package 93,Construction,New requirement,Open,SA Tenders and Contracts,Almost Certain,15-Jun-26,Acquisition Planning
PAR26942,10-Mar-2026,SAFECOM,MFS,tim.maitland@eso.sa.gov.au,Health Monitoring,Advisory and Consultancy Services,New requirement,Direct Approach,Email,Certain,29-Apr-26,Acquisition Planning
PAR26939,10-Mar-2026,Attorney General's,Legislative Services,anna.foster@sa.gov.au,Electronic Evidence Management,Other,New requirement,Direct Approach,Email,Certain,16-Mar-26,Initiating
PAR26937,10-Mar-2026,Energy and Mining,Corporate and Commercial,dem.procurement@sa.gov.au,SA Geodata Modernisation Project,ICT Software and Technology,New requirement,Limited,Email,Possible,30-Oct-26,Initiating
PAR26936,06-Mar-2026,ReturnToWorkSA,Finance and Investments,procurement@rtwsa.com,Global Currency Fund Manager,Financial Services,New requirement,Direct Approach,Email,Almost Certain,08-Jun-26,Initiating
PAR26935,06-Mar-2026,Human Services,Remote and Regional Service Development (DHS > CAP > RRSD),dhsprocurementcontracts@sa.gov.au,Return to Country Coober Pedy,Healthcare and Community Services,New requirement,Direct Approach,,Probable,03-Apr-26,Acquisition Planning
PAR26931,06-Mar-2026,Education,Office for Early Childhood Development,Education.ProcurementUnit@sa.gov.au,Aboriginal Childhood Strategy - Evaluation Framework Development		,Advisory and Consultancy Services,New requirement,Limited,,Almost Certain,10-Jun-26,Acquisition Planning
PAR26922,05-Mar-2026,Education,Schools and Preschools,Education.ProcurementUnit@sa.gov.au,Out of School Hours Care - Flagstaff Hill R-6 School 2026,Healthcare and Community Services,Secondary procurement process,Limited,SA Tenders and Contracts,Probable,04-Aug-26,Acquisition Planning
PAR26919,05-Mar-2026,Infrastructure and Transport,Commercial and Contract Management,dit.goodsandservices@sa.gov.au,Victoria Road Junction Upgrades at Pelican Point Road and Veitch Road,,New requirement,,,Almost Certain,11-Aug-26,Initiating
PAR26916,05-Mar-2026,Adelaide Venue Management Corporation,Information Technology & Communications (ICT),tenders@avmc.com.au,Point of Sale (POS) Solution,ICT Software and Technology,Recompete expiring contract,Limited,SA Tenders and Contracts,Probable,01-Apr-26,Initiating
PAR26913,05-Mar-2026,Correctional Services,Infrastructure & Safety Systems,penny.beumer2@sa.gov.au,Heated Meal Trolleys,Facilities and Building Management,New requirement,Open,SA Tenders and Contracts,Almost Certain,07-Jun-26,Released to Market
PAR26911,05-Mar-2026,Health and Wellbeing,Digital Health SA,yvonne.tuong2@sa.gov.au,Enterprise Architecture Management System,ICT Software and Technology,New requirement,Open,SA Tenders and Contracts,Almost Certain,14-May-26,Acquisition Planning
PAR26910,05-Mar-2026,Housing Trust,Housing Delivery,housingprocurement@sa.gov.au,"Construction of 18 new dwellings in Metro Adelaide, South Australia",Construction,New requirement,Limited,SA Tenders and Contracts,Almost Certain,31-Mar-26,Released to Market
PAR26901,04-Mar-2026,State Development,Skills SA,dsd.procurement@sa.gov.au,Salesforce Testing Tool ,ICT Software and Technology,Secondary procurement process,Direct Approach,Email,Almost Certain,11-May-26,Initiating
PAR26900,04-Mar-2026,Human Services,"Office for the Prevention of Domestic, Family and Sexual Violence (DHS > WE > OPDFS)",dhsprocurementcontracts@sa.gov.au,"Individual Safety and Support Packages – Domestic, Family and Sexual Violence response",Healthcare and Community Services,New requirement,Direct Approach,Email,Certain,08-Apr-26,Acquisition Planning
PAR26899,04-Mar-2026,Infrastructure and Transport,Road and Marine Services - Marine Services,dit.goodsandservices@sa.gov.au,Smart Docking aid system for Port Bonython   ,"Transportation, logistics, mail services and warehousing",New requirement,Direct Approach,SA Tenders and Contracts,Almost Certain,26-May-26,Acquisition Planning
PAR26897,04-Mar-2026,Housing Trust,Housing Delivery,housingprocurement@sa.gov.au,"Construction of 26 dwellings in Metro Adelaide, South Australia",Construction,New requirement,Limited,SA Tenders and Contracts,Almost Certain,,Released to Market
PAR26896,04-Mar-2026,Human Services,Disability Services - Disability Services (DHS > DSS > DS > DS),dhsprocurementcontracts@sa.gov.au,Resolv SIL Areas 1 and 5,Healthcare and Community Services,New requirement,Direct Approach,,Probable,18-Mar-26,Acquisition Planning
PAR26888,03-Mar-2026,Primary Industries and Regions,SARDI,pirsa.procurement@sa.gov.au,Purchase of Ingredients (Meat meal) for Kangaroo Island,,New requirement,,,Possible,29-May-26,Initiating
PAR26886,03-Mar-2026,Treasury and Finance,Information and Technology,dtfprocurementservices@sa.gov.au,ServiceNow ITSM Renewal,ICT Software and Technology,New requirement,Direct Approach,Email,Certain,27-Apr-26,Initiating
PAR26879,02-Mar-2026,Infrastructure and Transport,Infrastructure Delivery - Building Projects,DIT.FutureBuildingTenders@sa.gov.au,Fraser Park Primary School Asbestos Removal,Construction,Secondary procurement process,Limited,SA Tenders and Contracts,Almost Certain,01-Oct-26,Initiating
PAR26870,02-Mar-2026,South Australian Tourism Commission,Events South Australia,procurement2@sa.gov.au,2027 TDU Event Bus Services,"Transportation, logistics, mail services and warehousing",Recompete expiring contract,Open,SA Tenders and Contracts,Probable,20-May-26,Initiating
PAR26866,27-Feb-2026,Education,People and Culture,Education.ProcurementUnit@sa.gov.au,Leading for Change and Impact,Advisory and Consultancy Services,New requirement,Open,SA Tenders and Contracts,Certain,13-May-26,Initiating
PAR26865,27-Feb-2026,SA Police,Business Service,SAPOL.PCMSB@police.sa.gov.au,Shade sail for Horse walker,Facilities and Building Management,New requirement,Open,,Almost Certain,29-Mar-26,Acquisition Planning
PAR26857,27-Feb-2026,SA Police,"People, Culture and Wellbeing",SAPOL.PCMSB@police.sa.gov.au,Police Medical Officer Services,Healthcare and Community Services,New requirement,Open,,Almost Certain,26-Mar-26,Acquisition Planning
PAR26855,27-Feb-2026,Courts Administration,Court SA,contract_.procurement@courts.sa.gov.au,Personal Computer and Server Equipment,ICT Software and Technology,Secondary procurement process,,,Possible,07-Jun-26,Initiating
PAR26854,27-Feb-2026,Courts Administration,Court SA,contract_.procurement@courts.sa.gov.au,Fortinet Unified Threat Protection and Hardware Support,ICT Software and Technology,New requirement,Direct Approach,Email,Possible,28-May-26,Initiating
PAR26853,27-Feb-2026,Courts Administration,Court SA,contract_.procurement@courts.sa.gov.au,For The Record (FTR) Transcript Support,ICT Software and Technology,New requirement,Direct Approach,Email,Probable,28-May-26,Initiating
PAR26852,27-Feb-2026,Courts Administration,Court SA,contract_.procurement@courts.sa.gov.au,Justice Network Video Conferencing,ICT Software and Technology,New requirement,,,Probable,28-May-26,Initiating
PAR26851,27-Feb-2026,Renewal SA,Industrial and Defence,ryan.dienhoff@sa.gov.au,"PAR26851 Edinburgh Aircraft Paint Facility, Independent Design Verifier (IDV)",Advisory and Consultancy Services,New requirement,Limited,SA Tenders and Contracts,Certain,09-Mar-26,Acquisition Planning
PAR26847,27-Feb-2026,Housing Trust,Housing Delivery,housingprocurement@sa.gov.au,"Construction of 24 dwellings in Metro Adelaide, South Australia",Construction,New requirement,Limited,SA Tenders and Contracts,Almost Certain,,Released to Market
PAR26843,26-Feb-2026,Premier and Cabinet,Office for Autism,dpcprocurementandcontracts@sa.gov.au,Autism Assessment and Support Pathways Capability Program,Healthcare and Community Services,New requirement,Limited,Email,Almost Certain,25-May-26,Acquisition Planning
PAR26839,26-Feb-2026,Courts Administration,Corporate Services,contract_.procurement@courts.sa.gov.au,Library Subscriptions 2026,Research and Scientific,Recompete expiring contract,Direct Approach,Email,Probable,01-Jul-26,Initiating
PAR26838,26-Feb-2026,Courts Administration,Corporate Services,contract_.procurement@courts.sa.gov.au,Library Subscriptions 2026,,New requirement,Direct Approach,Email,Probable,01-Jul-26,Initiating
PAR26834,26-Feb-2026,Housing Trust,Housing Delivery,housingprocurement@sa.gov.au,"Construction of 26 dwellings in Metro Adelaide, South Australia",Construction,New requirement,Limited,SA Tenders and Contracts,Almost Certain,31-Mar-26,Released to Market
PAR26832,26-Feb-2026,Courts Administration,Corporate Services,contract_.procurement@courts.sa.gov.au,Workforce management system,ICT Software and Technology,New requirement,Direct Approach,Email,Probable,04-May-26,Initiating
PAR26825,25-Feb-2026,Housing Trust,Portfolio Planning and Asset Management,housingprocurement@sa.gov.au,Conveyancing Services Panel,Advisory and Consultancy Services,New requirement,Open,SA Tenders and Contracts,Certain,30-Sep-26,Acquisition Planning
PAR26821,25-Feb-2026,Southern Adelaide Local Health Network,Corporate Services,Health.SALHNContractsSLAPurchasing@sa.gov.au,Change Leadership Capability Development Program,Human Resources and Staffing,Secondary procurement process,Limited,Email,Possible,15-Apr-26,Acquisition Planning
PAR26815,25-Feb-2026,Environment and Water,Biodiversity and Nature Economy,DEW.Procurement@sa.gov.au,Bounceback Aerial Baiting 2026 - 2027 ,Environmental,New requirement,Limited,Email,Certain,17-Mar-26,Released to Market
PAR26812,25-Feb-2026,Energy and Mining,Corporate and Commercial,dem.procurement@sa.gov.au,Non MS Licensing  SA Gov Licensing Reseller,ICT Software and Technology,New requirement,Direct Approach,Email,Almost Certain,30-Sep-26,Initiating
PAR26811,25-Feb-2026,Housing Trust,Portfolio Planning and Asset Management,housingprocurement@sa.gov.au,Edwardstown & Christie Downs - Missing Middle Design and Construct,Construction,New requirement,Open,SA Tenders and Contracts,Probable,03-Sep-26,Acquisition Planning
PAR26810,25-Feb-2026,Housing Trust,Portfolio Planning and Asset Management,housingprocurement@sa.gov.au,Kilburn -506-508 Prospect Road - Missing Middle Design and Construct,Construction,New requirement,Open,SA Tenders and Contracts,Probable,03-Sep-26,Acquisition Planning
PAR26808,25-Feb-2026,Housing Trust,Portfolio Planning and Asset Management,housingprocurement@sa.gov.au,Modbury - Corio St - Apartment Design and Construct,Construction,New requirement,Open,,Probable,03-Sep-26,Acquisition Planning
PAR26805,25-Feb-2026,West Beach Trust,Operations,dion.pedler@westbeachparks.com.au,Energy Saving / Carbon Reduction Project ,Energy and Fuels,New requirement,Open,SA Tenders and Contracts,Probable,01-Jun-26,Initiating
PAR26802,25-Feb-2026,Renewal SA,Residential Growth ,tariq.azam@sa.gov.au,Noarlunga Sustainability Consultant ,Advisory and Consultancy Services,New requirement,Open,SA Tenders and Contracts,Almost Certain,23-Mar-26,Initiating
PAR26801,25-Feb-2026,Infrastructure and Transport,Transport Strategy and Planning - Transport Analytics,dit.goodsandservices@sa.gov.au,Limited Duration Trial of Traffic Analytics Data Services,ICT Software and Technology,New requirement,Limited,SA Tenders and Contracts,Possible,25-May-26,Acquisition Planning
PAR26796,24-Feb-2026,ReturnToWorkSA,Finance and Investments,procurement@rtwsa.com,Global Unlisted Core Property Fund Manager,Financial Services,New requirement,Direct Approach,Email,Almost Certain,25-May-26,Initiating
PAR26794,24-Feb-2026,SA Water,,Kevin.Sequeira@sawater.com.au,Metro North New Water Sources - Engineering Design Services,Industrial and Engineering,Secondary Procurement Process,Limited,Email,Possible,18-Mar-26,Released to Market
PAR26792,24-Feb-2026,Infrastructure and Transport,Transport Strategy and Planning,DIT.sstenders@sa.gov.au,Northern Schools - EHIAR,,New requirement,Direct Approach,Letter,Almost Certain,06-Mar-26,Initiating
PAR26790,24-Feb-2026,Infrastructure and Transport,Infrastructure Delivery - Building Projects,DIT.FutureBuildingTenders@sa.gov.au,SA Aquatic and Leisure Centre Renewal and De-Gasification  Upgrade Stage 2,Construction,Secondary procurement process,Limited,SA Tenders and Contracts,Probable,25-May-26,Initiating
PAR26787,24-Feb-2026,Health and Wellbeing,"Mental Health Strategy & Planning, Strategy & Governance, Department for Health and Wellbeing",paul.roberts2@sa.gov.au,Residential Eating Disorders Service,Healthcare and Community Services,New requirement,Open,SA Tenders and Contracts,Possible,24-May-26,Initiating
PAR26778,24-Feb-2026,Infrastructure and Transport,Infrastructure Delivery - Transport Projects,dit.goodsandservices@sa.gov.au,Organisation Consulting ,Advisory and Consultancy Services,New requirement,Direct Approach,SA Tenders and Contracts,Almost Certain,25-May-26,Initiating
PAR26777,23-Feb-2026,SA Police,Information Systems & Technology,SAPOL.PCMSB@police.sa.gov.au,Managed Platform Services - Hyperscale Cloud Managent,Human Resources and Staffing,New requirement,Open,,Almost Certain,23-Mar-26,Acquisition Planning
PAR26774,23-Feb-2026,SAFECOM,CFS,SAFECOM.Procurement@eso.sa.gov.au,CFS Various - New Toilet Facilities,Construction,Secondary procurement process,Limited,Other,Almost Certain,15-May-26,Initiating
PAR26765,23-Feb-2026,SA Police,Security and Emergency Management Service,SAPOL.PCMSB@police.sa.gov.au,STAR Group - Operations Section - Hearing Protection,Office Equipment and Accessories and Supplies,New requirement,Limited,Email,Certain,23-Mar-26,Acquisition Planning
PAR26757,23-Feb-2026,West Beach Trust,Operations,dion.pedler@westbeachparks.com.au,Coastal Boardwalk Replacement,Construction,New requirement,Open,SA Tenders and Contracts,Probable,15-Jun-26,Initiating
PAR26751,23-Feb-2026,SA Police,Business Service,SAPOL.PCMSB@police.sa.gov.au,Debt Management Services,Financial Services,New requirement,Open,,Almost Certain,23-Mar-26,Acquisition Planning
PAR26749,20-Feb-2026,Primary Industries and Regions,Major Programs and Regions,pirsa.procurement@sa.gov.au,Sustainable Communities Program – Engagement with River Murray First Nations Groups,,New requirement,,,Almost Certain,20-Mar-26,Initiating
PAR26744,20-Feb-2026,Infrastructure and Transport,Infrastructure Delivery - Building Projects,DIT.FutureBuildingTenders@sa.gov.au,Oodnadatta Asbestos Removal,Construction,Secondary procurement process,Limited,SA Tenders and Contracts,Almost Certain,01-Apr-26,Initiating
PAR26743,20-Feb-2026,Central Adelaide Local Health Network,Statewide Clinical Support Services (SCSS) - SA Pathology,leigh.cahill@sa.gov.au,Gas Chromatography-FID For SA Pathology,Healthcare and Community Services,New requirement,Open,SA Tenders and Contracts,Probable,01-May-26,Initiating
PAR26742,20-Feb-2026,Central Adelaide Local Health Network,Statewide Clinical Support Services (SCSS) - SA Pathology,leigh.cahill@sa.gov.au,Mass Spectrometry Platform for Llysosomal Storage Disorders for SA Pathology,Healthcare and Community Services,New requirement,Open,,Probable,01-Oct-26,Initiating
PAR26737,20-Feb-2026,Infrastructure and Transport,Transport Strategy and Planning,DIT.sstenders@sa.gov.au,Design for Mobile Phone Detection Cameras Program,Construction,New requirement,Limited,SA Tenders and Contracts,Probable,03-Mar-26,Initiating
PAR26736,20-Feb-2026,Central Adelaide Local Health Network,Operations and Performance,anoop.mammen@sa.gov.au,Chimeric Antigen Receptor (CAR) T-Cell Service,Healthcare and Community Services,New requirement,Direct Approach,Email,Certain,23-Feb-26,Initiating
PAR26733,19-Feb-2026,Primary Industries and Regions,Biosecurity,pirsa.procurement@sa.gov.au,Cost Recovery Review – Biosecurity Act 2025 and associated Regulations,,New requirement,,,Probable,19-May-26,Initiating
PAR26727,19-Feb-2026,Central Adelaide Local Health Network,Statewide Clinical Support Services - SA Medical Imaging,tanya.binkowski2@sa.gov.au,Magnetic Resonance Imaging (MRI) Scanner Upgrades,,Secondary procurement process,Direct Approach,Email,Almost Certain,03-Aug-26,Initiating
PAR26725,19-Feb-2026,Housing Trust,Capital Programs,housingprocurement@sa.gov.au,Unley Project Design,Construction,New requirement,Limited,SA Tenders and Contracts,Certain,25-Jun-26,Acquisition Planning
PAR26722,18-Feb-2026,Green Adelaide,"Environment, Heritage and Sustainability - Green Adelaide ",keith.smith4@sa.gov.au,Green Adelaide Surface Water Monitoring Program,Environmental,Recompete expiring contract,Limited,Email,Almost Certain,30-Apr-26,Acquisition Planning
PAR26721,18-Feb-2026,Energy and Mining,Corporate and Commercial,john.fitzgerald3@sa.gov.au,Timesheet,ICT Software and Technology,New requirement,Open,SA Tenders and Contracts,Probable,31-Aug-26,Acquisition Planning
PAR26718,18-Feb-2026,Environment and Water,,DEW.Procurement@sa.gov.au,2026 kangaroo helicopter survey Lower South East,Environmental,New requirement,Direct Approach,Email,Almost Certain,10-Mar-26,Initiating
PAR26715,18-Feb-2026,SAFECOM,MFS,SAFECOM.Procurement@eso.sa.gov.au,MFS Light Fleet  - 2026,Fleet and vehicles,New requirement,Limited,Email,Certain,18-May-26,Acquisition Planning
PAR26713,18-Feb-2026,Treasury and Finance,Commercial and Procurement,dtfprocurementservices@sa.gov.au,NRAH PPP Refinancing,Advisory and Consultancy Services,New requirement,Limited,Email,Probable,01-Jun-26,Initiating
PAR26711,18-Feb-2026,State Development,Portfolio Delivery,dsd.procurement@sa.gov.au,Market SQ Relocation - Goods and Services <o>,Office Equipment and Accessories and Supplies,New requirement,Limited,Email,Possible,30-Jun-26,Initiating
PAR26710,17-Feb-2026,SA Police,Business Service,SAPOL.PCMSB@police.sa.gov.au,PIR Room Construction & Refurbishment Program (Multi-Location),Construction,New requirement,Open,,Almost Certain,17-Mar-26,Acquisition Planning
PAR26709,17-Feb-2026,SA Police,Business Service,SAPOL.PCMSB@police.sa.gov.au,Open plan office fitout,Facilities and Building Management,New requirement,Open,,Almost Certain,17-Mar-26,Acquisition Planning
PAR26707,17-Feb-2026,SA Police,Business Service,SAPOL.PCMSB@police.sa.gov.au,Guns buyback - Transportable front counter,Facilities and Building Management,New requirement,Open,,Almost Certain,17-Mar-26,Acquisition Planning
PAR26706,17-Feb-2026,SA Police,Business Service,SAPOL.PCMSB@police.sa.gov.au,Grass Manege at Gepps Cross Police Complex,Facilities and Building Management,New requirement,Open,,Almost Certain,17-Mar-26,Acquisition Planning
PAR26704,17-Feb-2026,SA Police,"People, Culture and Wellbeing",SAPOL.PCMSB@police.sa.gov.au,CDP Redesign Project - Trainer development and evaluation,Research and Scientific,New requirement,Open,,Almost Certain,,Acquisition Planning
PAR26702,17-Feb-2026,SA Police,Business Service,SAPOL.PCMSB@police.sa.gov.au,Service & Repair Services to SAPOL’s Vehicle Fleet,Fleet and vehicles,New requirement,Open,,Almost Certain,17-Mar-26,Acquisition Planning
PAR26701,17-Feb-2026,Adelaide Venue Management Corporation,Kitchen,tenders@avmc.com.au,Kitchen Equipment - 10 Tear Trolleys  (x 12),,New requirement,,,Probable,01-Jul-26,Initiating
PAR26700,17-Feb-2026,Adelaide Venue Management Corporation,Building,tenders@avmc.com.au,Building Works - EWIS Speaker System (Replacement),,New requirement,,,Probable,01-Jul-26,Initiating
PAR26699,17-Feb-2026,Adelaide Venue Management Corporation,Building,tenders@avmc.com.au,Building Works - Skyway Window Leak Repairs,,New requirement,,,Probable,01-Jul-26,Initiating
PAR26697,17-Feb-2026,Adelaide Venue Management Corporation,Guest Services,tenders@avmc.com.au,Provision of New Ovens in the Backstage Kitchen,Facilities and Building Management,New requirement,Limited,Email,Certain,20-May-26,Initiating
PAR26696,17-Feb-2026,Adelaide Venue Management Corporation,Guest Services,tenders@avmc.com.au,Kitchen Equipment - Flow through Dishwasher  (AEC Star Kitchen),,New requirement,,,Probable,01-Jul-26,Initiating
PAR26695,17-Feb-2026,Adelaide Venue Management Corporation,Guest Services,tenders@avmc.com.au,Hospitality Equipment - Chafing Dishes,,New requirement,,,Probable,01-Jul-26,Initiating
PAR26694,17-Feb-2026,Adelaide Venue Management Corporation,Floor Ops,tenders@avmc.com.au,Venue Equipment - S20 Tennant Ride On Sweeper to replace the old 6100,,New requirement,,,Probable,01-Jul-26,Initiating
PAR26693,17-Feb-2026,Adelaide Venue Management Corporation,Floor Ops,tenders@avmc.com.au,Interior Furnishings - New Carpet (Panorama Ballroom),,New requirement,,,Probable,01-Jul-26,Initiating
PAR26692,17-Feb-2026,Adelaide Venue Management Corporation,Corporate Services,tenders@avmc.com.au,"Corporate Suite - Major Overhaul Cont. (Various objectives to be prioritised inc carpet, furniture, painting, cupholders)",,New requirement,,,Probable,01-Jul-26,Initiating
PAR26691,17-Feb-2026,Adelaide Venue Management Corporation,Event Operations,tenders@avmc.com.au,Venue Equipment - Chain Motor Upgrade  (AEC),,New requirement,,,Probable,01-Jul-26,Initiating
PAR26690,17-Feb-2026,Adelaide Venue Management Corporation,Event Operations,tenders@avmc.com.au,Interior Furnishings - Theartre Floor Carpet Tiles x 2000m2,,New requirement,,,Probable,01-Jul-26,Initiating
PAR26689,17-Feb-2026,Adelaide Venue Management Corporation,Event Operations,tenders@avmc.com.au,Interior Furnishings - Arena Floor Carpet Tiles x 2700m2,,New requirement,,,Probable,01-Jul-26,Initiating
PAR26687,17-Feb-2026,Adelaide Venue Management Corporation,Event Operations,tenders@avmc.com.au,Building Works - Upgrade to LED (House) Lighting System Upgrade (Arena) ,,New requirement,,,Probable,01-Jul-26,Initiating
PAR26686,17-Feb-2026,Infrastructure and Transport,Commercial and Contract Management,dit.goodsandservices@sa.gov.au,Andrews Road and Womma Road Intersection Upgrade,,New requirement,,,Probable,11-Mar-27,Initiating
PAR26680,17-Feb-2026,Adelaide Venue Management Corporation,Information Technology & Communications (ICT),tenders@avmc.com.au,ICT Equipment - Digital LED Signage (Hall K),,New requirement,,,Probable,01-Jul-26,Initiating
PAR26679,17-Feb-2026,Infrastructure and Transport,Commercial and Contract Management,dit.goodsandservices@sa.gov.au,Upgrade of Active Advance Warning Signs,,New requirement,,,Probable,17-May-26,Initiating
PAR26678,17-Feb-2026,Infrastructure and Transport,Commercial and Contract Management,dit.goodsandservices@sa.gov.au,Port Augusta Wharf Remediation,Construction,New requirement,Open,SA Tenders and Contracts,Almost Certain,20-Jul-26,Initiating
PAR26677,17-Feb-2026,Infrastructure and Transport,Commercial and Contract Management,dit.goodsandservices@sa.gov.au,Tumby Bay Jetty - Holding Works and Inspections,Construction,New requirement,Direct Approach,Email,Certain,17-May-26,Initiating
PAR26676,17-Feb-2026,Infrastructure and Transport,Commercial and Contract Management,dit.goodsandservices@sa.gov.au,New Women's and Children's Hospital - Out of Gate works ,Construction,New requirement,Limited,SA Tenders and Contracts,Almost Certain,30-Jul-26,Initiating
PAR26675,17-Feb-2026,Human Services,Community and Partnerships - Community Programs and Partnerships (DHS > ESI > CP > CPP),dhsprocurementcontracts@sa.gov.au,Financial Counselling and Capability Support for Anangu in Adelaide,Healthcare and Community Services,New requirement,Direct Approach,Email,Certain,10-Mar-26,Acquisition Planning
PAR26673,17-Feb-2026,Environment and Water,Water and River Murray,DEW.Procurement@sa.gov.au,Lessons learnt assessment for flood projects ,Public Administration and Safety,New requirement,Limited,Email,Possible,18-May-26,Initiating
PAR26671,17-Feb-2026,Adelaide Venue Management Corporation,Information Technology & Communications (ICT),tenders@avmc.com.au,ICT Equipment - Digital LED Signage (Foyer H Videowall),,New requirement,,,Probable,01-Jul-26,Initiating
PAR26670,17-Feb-2026,Adelaide Venue Management Corporation,Information Technology & Communications (ICT),tenders@avmc.com.au,ICT Equipment - Digital LED Signage (Panorama North + West),,New requirement,,,Probable,01-Jul-26,Initiating
PAR26669,17-Feb-2026,Adelaide Venue Management Corporation,Information Technology & Communications (ICT),tenders@avmc.com.au,ICT Equipment - AVM Smarter Systems Committee - Future Projects,,New requirement,,,Probable,01-Jul-26,Initiating
PAR26668,17-Feb-2026,Adelaide Venue Management Corporation,Information Technology & Communications (ICT),tenders@avmc.com.au,ICT Equipment - Facial Recognition Technology (FRT) - (ACC Main Entrances) ,,New requirement,,,Probable,01-Jul-26,Initiating
PAR26667,17-Feb-2026,Adelaide Venue Management Corporation,Information Technology & Communications (ICT),tenders@avmc.com.au,ICT Equipment - CCTV - Recorders (3 or 4 x 160gb) + upgrade to Avigilon Unity,,New requirement,,,Probable,01-Jul-26,Initiating
PAR26666,17-Feb-2026,Adelaide Venue Management Corporation,Technology Services ,tenders@avmc.com.au,AV Equipment - Hearing Augmentation System Upgrade,,New requirement,,,Probable,01-Jul-26,Initiating
PAR26665,17-Feb-2026,Adelaide Venue Management Corporation,Technology Services ,tenders@avmc.com.au,AV Equipment - Cyclorama and Screen Upgrades,,New requirement,,,Probable,01-Jul-26,Initiating
PAR26664,17-Feb-2026,Adelaide Venue Management Corporation,Technology Services ,tenders@avmc.com.au,AV Equipment - Matrix Switcher Replacement,,New requirement,,,Probable,01-Jul-26,Initiating
PAR26660,16-Feb-2026,Education,Glenunga Internation High School,Education.ProcurementUnit@sa.gov.au,Glenunga International High School Laptop Program,ICT Software and Technology,Secondary procurement process,Direct Approach,Other,Certain,23-Jun-26,Initiating
PAR26647,16-Feb-2026,Human Services,Community and Partnerships - Community Programs and Partnerships (DHS > ESI > CP > CPP),dhsprocurementcontracts@sa.gov.au,Aboriginal Scholarship Program,Healthcare and Community Services,Recompete expiring contract,Open,,Probable,09-Mar-26,Acquisition Planning
PAR26646,16-Feb-2026,Infrastructure and Transport,Transport Strategy and Planning,dit.sstenders@sa.gov.au,Pedestrian Activated Crossings (PAC) Program Planning and Design Package B,Construction,New requirement,Limited,Email,Probable,,Initiating
PAR26639,13-Feb-2026,Infrastructure and Transport,Commercial and Contract Management,DIT.ConstructionProcurement@sa.gov.au,Construction Phased Services,,New requirement,,,Possible,30-Dec-26,Initiating
PAR26638,13-Feb-2026,Infrastructure and Transport,Commercial and Contract Management,DIT.ConstructionProcurement@sa.gov.au,Construction Phased Services,Construction,New requirement,,,Possible,30-Sep-26,Initiating
PAR26637,13-Feb-2026,Infrastructure and Transport,Commercial and Contract Management,DIT.ConstructionProcurement@sa.gov.au,Construction Phased Services,,New requirement,,,Possible,18-Aug-26,Initiating
PAR26636,13-Feb-2026,State Development,Skills SA,dsd.procurement@sa.gov.au,Learning Management System,ICT Software and Technology,New requirement,Open,SA Tenders and Contracts,Almost Certain,01-Jun-26,Initiating
